"Macromolecules 2012, 45, 21, 8929–8932, Supporting Information",,,,,,,,,,,,,,,,,,,,
M + R -> Pn; 9700,,,,,,,,,,,,,,,,,,,,
M + Pn -> Pn; 1300,,,,,,,,,,,,,,,,,,,,
2 R -> 2 D; 2.5e+09,,,,,,,,,,,,,,,,,,,,
Pn + R -> D + PnD; 9e+07,,,,,,,,,,,,,,,,,,,,
2 Pn -> 2 PnD; 4.5e+07,,,,,,,,,,,,,,,,,,,,
2 Pn -> PnDPn; 4.5e+07,,,,,,,,,,,,,,,,,,,,
CuI + RX -> CuII + R; 14,,,,,,,,,,,,,,,,,,,,
CuII + R -> CuI + RX; 4.7e+07,,,,,,,,,,,,,,,,,,,,
CuI + PnX -> CuII + Pn; 140,,,,,,,,,,,,,,,,,,,,
CuII + Pn -> CuI + PnX; 4.7e+07,,,,,,,,,,,,,,,,,,,,
D:,dy_0/dt = 90000000.0*y_2*y_5 + 5000000000.0*y_5**2,,,,,,,,,,,,,,,,,,,
M:,dy_1/dt = -1300*y_1*y_2 - 9700*y_1*y_5,,,,,,,,,,,,,,,,,,,
Pn:,dy_2/dt = 9700*y_1*y_5 - 180000000.0*y_2**2 - 90000000.0*y_2*y_5 - 47000000.0*y_2*y_7 + 140*y_6*y_8,,,,,,,,,,,,,,,,,,,
PnD:,dy_3/dt = 90000000.0*y_2**2 + 90000000.0*y_2*y_5,,,,,,,,,,,,,,,,,,,
PnDPn:,dy_4/dt = 45000000.0*y_2**2,,,,,,,,,,,,,,,,,,,
R:,dy_5/dt = -9700*y_1*y_5 - 90000000.0*y_2*y_5 - 5000000000.0*y_5**2 - 47000000.0*y_5*y_7 + 14*y_6*y_9,,,,,,,,,,,,,,,,,,,
CuI:,dy_6/dt = 47000000.0*y_2*y_7 + 47000000.0*y_5*y_7 - 140*y_6*y_8 - 14*y_6*y_9,,,,,,,,,,,,,,,,,,,
CuII:,dy_7/dt = -47000000.0*y_2*y_7 - 47000000.0*y_5*y_7 + 140*y_6*y_8 + 14*y_6*y_9,,,,,,,,,,,,,,,,,,,
PnX:,dy_8/dt = 47000000.0*y_2*y_7 - 140*y_6*y_8,,,,,,,,,,,,,,,,,,,
RX:,dy_9/dt = 47000000.0*y_5*y_7 - 14*y_6*y_9,,,,,,,,,,,,,,,,,,,
M1_Pn:,dy_10/dt = 1300*y_1*y_2 + 9700*y_1*y_5 - 180000000.0*y_10*y_2 - 90000000.0*y_10*y_5 - 47000000.0*y_10*y_7 + 140*y_14*y_6,,,,,,,,,,,,,,,,,,,
M1_PnD:,dy_11/dt = 90000000.0*y_10*y_2 + 90000000.0*y_10*y_5,,,,,,,,,,,,,,,,,,,
M1_PnDPn:,dy_12/dt = 90000000.0*y_10*y_2,,,,,,,,,,,,,,,,,,,
M2_total:,dy_13/dt = 2600*y_1*y_10 + 1300*y_1*y_2 + 9700*y_1*y_5 + 90000000.0*y_10**2,,,,,,,,,,,,,,,,,,,
M1_PnX:,dy_14/dt = 47000000.0*y_10*y_7 - 140*y_14*y_6,,,,,,,,,,,,,,,,,,,
time (s),D,M,Pn,PnD,PnDPn,R,CuI,CuII,PnX,RX,M1_Pn,M1_PnD,M1_PnDPn,M2_total,M1_PnX,conversion,ln([M]0/[M]),Mn,Mw/Mn,Tmol% (%)
0,0,4.7,0,0,0,0,0.0188,0.0047,0,0.0235,0,0,0,0,0,0,0,0,1,0
1,2.59E-06,4.698899771,1.69E-08,3.39E-08,5.88E-09,2.22E-08,0.018797321,0.004702679,0.001033696,0.022463626,1.81E-08,3.58E-08,1.25E-08,0.001240798,0.001100162,0.000234091,0.000234119,106.5583004,1.059623694,0.011232234
1.206792641,3.10E-06,4.698668994,1.93E-08,4.74E-08,8.93E-09,2.20E-08,0.018796789,0.004703211,0.001241594,0.022255194,2.09E-08,5.04E-08,1.90E-08,0.001520894,0.001330916,0.000283193,0.000283233,107.323454,1.065970284,0.013488566
1.456348478,3.71E-06,4.698389042,2.22E-08,6.73E-08,1.38E-08,2.17E-08,0.018796152,0.004703848,0.001489869,0.022006283,2.43E-08,7.21E-08,2.96E-08,0.001869698,0.001610832,0.000342757,0.000342816,108.2497597,1.07344865,0.016188459
1.757510625,4.42E-06,4.698049111,2.57E-08,9.68E-08,2.16E-08,2.14E-08,0.01879539,0.00470461,0.001785718,0.021709672,2.83E-08,1.05E-07,4.67E-08,0.002306386,0.00195071,0.000415083,0.000415169,109.3718752,1.082217427,0.019418314
2.120950888,5.26E-06,4.697635889,2.98E-08,1.41E-07,3.41E-08,2.11E-08,0.018794478,0.004705522,0.002137337,0.021357141,3.33E-08,1.54E-07,7.47E-08,0.002856394,0.002363849,0.000503002,0.000503129,110.732228,1.092438579,0.023283568
2.559547923,6.24E-06,4.697132934,3.46E-08,2.09E-07,5.47E-08,2.06E-08,0.018793385,0.004706615,0.002553922,0.020939463,3.93E-08,2.30E-07,1.21E-07,0.003553788,0.002866675,0.000610014,0.0006102,112.3828946,1.104267902,0.027915521
3.088843596,7.38E-06,4.696519872,4.04E-08,3.12E-07,8.82E-08,2.02E-08,0.018792071,0.004707929,0.003045599,0.020446472,4.66E-08,3.49E-07,1.98E-07,0.004444621,0.003479534,0.000740453,0.000740727,114.3879904,1.117840909,0.033482307
3.72759372,8.69E-06,4.695771388,4.71E-08,4.72E-07,1.43E-07,1.96E-08,0.018790485,0.004709515,0.00362324,0.019867245,5.56E-08,5.36E-07,3.27E-07,0.00559173,0.004227694,0.000899705,0.00090011,116.8267243,1.133253172,0.040206843
4.498432669,1.02E-05,4.694855938,5.49E-08,7.22E-07,2.34E-07,1.89E-08,0.018788553,0.004711447,0.004298113,0.01919044,6.65E-08,8.34E-07,5.43E-07,0.007081612,0.005142619,0.001094481,0.001095081,119.7973294,1.150534361,0.048396257
5.428675439,1.19E-05,4.693734135,6.40E-08,1.11E-06,3.82E-07,1.81E-08,0.018786173,0.004713827,0.00508131,0.018404863,7.98E-08,1.31E-06,9.08E-07,0.009034342,0.006263564,0.001333163,0.001334052,123.4221464,1.169615927,0.058489693
6.551285569,1.37E-05,4.692356726,7.45E-08,1.72E-06,6.26E-07,1.72E-08,0.018783192,0.004716808,0.005982869,0.017500323,9.62E-08,2.09E-06,1.53E-06,0.011617904,0.007639565,0.001626229,0.001627552,127.8542213,1.190293635,0.071134676
7.906043211,1.58E-05,4.690662098,8.64E-08,2.68E-06,1.02E-06,1.62E-08,0.018779381,0.004720619,0.007010541,0.016468839,1.16E-07,3.35E-06,2.57E-06,0.015068937,0.009331867,0.001986788,0.001988764,133.2859047,1.212187896,0.087305406
9.540954763,1.80E-05,4.688573298,9.97E-08,4.17E-06,1.66E-06,1.50E-08,0.018774393,0.004725607,0.008168129,0.015306263,1.41E-07,5.41E-06,4.34E-06,0.019722786,0.011416816,0.002431213,0.002434173,139.9600167,1.234707797,0.108479709
11.51395399,2.03E-05,4.685994563,1.14E-07,6.49E-06,2.68E-06,1.37E-08,0.018767703,0.004732297,0.009453422,0.01401428,1.71E-07,8.78E-06,7.31E-06,0.026056897,0.013989169,0.00297988,0.002984329,148.1842713,1.257027468,0.136890556
13.89495494,2.27E-05,4.682807541,1.30E-07,1.01E-05,4.30E-06,1.23E-08,0.01875853,0.00474147,0.01085582,0.01260271,2.08E-07,1.43E-05,1.23E-05,0.034753177,0.017165635,0.00365797,0.003664677,158.3496943,1.278086158,0.17585907
16.76832937,2.50E-05,4.678867512,1.47E-07,1.55E-05,6.80E-06,1.08E-08,0.018745747,0.004754253,0.012353945,0.011091801,2.54E-07,2.33E-05,2.06E-05,0.046786699,0.021088277,0.004496274,0.004506413,170.9535765,1.296625107,0.230192696
20.23589648,2.72E-05,4.674000242,1.64E-07,2.36E-05,1.06E-05,9.25E-09,0.018727779,0.004772221,0.013913761,0.009514017,3.09E-07,3.79E-05,3.44E-05,0.06355006,0.025927121,0.005531863,0.005547221,186.6270482,1.311272391,0.306584931
24.42053095,2.93E-05,4.668000353,1.81E-07,3.54E-05,1.63E-05,7.65E-09,0.018702548,0.004797452,0.015488021,0.007914527,3.77E-07,6.14E-05,5.68E-05,0.087024133,0.031881029,0.006808436,0.006831719,206.1661988,1.320680896,0.413884283
29.47051703,3.11E-05,4.660632295,1.97E-07,5.24E-05,2.44E-05,6.09E-09,0.018667485,0.004832515,0.017018029,0.006349457,4.57E-07,9.87E-05,9.28E-05,0.120006236,0.03917577,0.008376107,0.008411384,230.5636666,1.323712543,0.563027722
35.56480306,3.25E-05,4.651634771,2.10E-07,7.58E-05,3.59E-05,4.63E-09,0.018619677,0.004880323,0.0184386,0.004881077,5.53E-07,0.000156791,0.00014938,0.166405464,0.048058505,0.010290474,0.010343787,261.0345732,1.319645085,0.766415558
42.9193426,3.37E-05,4.64072863,2.21E-07,0.000107297,5.13E-05,3.34E-09,0.018556171,0.004943829,0.019686354,0.003569818,6.64E-07,0.000245439,0.000236444,0.23161236,0.058788824,0.01261093,0.012691123,299.0271214,1.308359297,1.036616588
51.79474679,3.45E-05,4.627626708,2.27E-07,0.000148011,7.14E-05,2.27E-09,0.018474394,0.005025606,0.020710153,0.002464241,7.90E-07,0.00037751,0.000366914,0.322948762,0.071628077,0.015398573,0.015518362,346.2053141,1.290453637,1.384581403
62.50551925,3.51E-05,4.612042559,2.29E-07,0.000198836,9.66E-05,1.43E-09,0.018372562,0.005127438,0.021480878,0.001591684,9.33E-07,0.00056919,0.000557093,0.450206927,0.086830225,0.018714349,0.018891678,404.393079,1.267233702,1.817903329
75.43120063,3.55E-05,4.593694625,2.28E-07,0.000260122,0.000127134,8.36E-10,0.018249911,0.005250089,0.021996998,0.000952913,1.09E-06,0.000840046,0.000826656,0.626296765,0.104637585,0.022618165,0.022877879,475.4764443,1.240557157,2.339831087
91.0298178,3.57E-05,4.572303862,2.23E-07,0.000331741,0.000162846,4.45E-10,0.018106648,0.005393352,0.02228332,0.000523328,1.26E-06,0.001213053,0.00119865,0.86803227,0.125283177,0.027169391,0.027545303,561.2812591,1.212546514,2.949483047
109.8541142,3.58E-05,4.547585852,2.15E-07,0.000413238,0.000203536,2.14E-10,0.017943651,0.005556349,0.022382987,0.000260664,1.44E-06,0.001714803,0.001699684,1.197096065,0.148998223,0.032428542,0.032965999,663.4660885,1.185238721,3.643119663
132.5711366,3.59E-05,4.519240954,2.06E-07,0.00050403,0.0002489,9.22E-11,0.017762076,0.005737924,0.022345787,0.000116289,1.63E-06,0.002375978,0.00236041,1.641218582,0.176021031,0.038459371,0.039218459,783.4822528,1.160267327,4.415821343
159.985872,3.59E-05,4.486946599,1.96E-07,0.000603555,0.000298648,3.49E-11,0.017563035,0.005936965,0.022217204,4.58E-05,1.82E-06,0.003232077,0.003216261,2.235598335,0.206603239,0.045330511,0.046390083,922.6329039,1.138668244,5.262848218
193.0697729,3.59E-05,4.450354233,1.85E-07,0.000711356,0.000352542,1.15E-11,0.017347444,0.006152556,0.022031728,1.57E-05,2.03E-06,0.004324196,0.004308261,3.024579739,0.241011282,0.053116121,0.054578813,1082.210715,1.12085606,6.180300502
232.9951811,3.59E-05,4.409091041,1.74E-07,0.000827073,0.000410399,3.22E-12,0.01711602,0.00638398,0.021811407,4.61E-06,2.24E-06,0.005699713,0.005683728,4.06359977,0.279523282,0.061895523,0.063893954,1263.644274,1.106750783,7.165131664
281.1768698,3.59E-05,4.362764836,1.63E-07,0.000950412,0.000472068,7.59E-13,0.016869354,0.006630646,0.021568216,1.14E-06,2.45E-06,0.007412787,0.007396785,5.421413127,0.322423146,0.071752163,0.074456516,1468.583019,1.095978383,8.214819855
339.3221772,3.59E-05,4.310970236,1.53E-07,0.001081093,0.000537408,1.47E-13,0.016608002,0.006891998,0.02130777,2.31E-07,2.66E-06,0.009524713,0.009508706,7.182600781,0.369993686,0.08277229,0.086399517,1698.898153,1.088058875,9.327001306
367.3469388,3.59E-05,4.287361753,1.49E-07,0.0011384,0.000566062,6.91E-14,0.016493392,0.007006608,0.021193281,1.11E-07,2.75E-06,0.010552467,0.01053646,8.071538024,0.391546573,0.087795372,0.091890941,1804.242188,1.085457502,9.814722717
409.4915062,3.59E-05,4.253295027,1.43E-07,0.001218829,0.000606276,2.30E-14,0.016332539,0.007167461,0.021032501,3.80E-08,2.87E-06,0.01210419,0.012088182,9.450352727,0.422509731,0.095043611,0.099868526,1956.627529,1.082529929,10.49922623
494.1713361,3.59E-05,4.189326612,1.33E-07,0.001363311,0.000678517,2.83E-15,0.016043586,0.007456414,0.020743581,4.93E-09,3.08E-06,0.015227555,0.015211547,12.34948965,0.480231207,0.108653912,0.115022501,2243.90624,1.079001178,11.72885508
596.3623317,3.59E-05,4.11865889,1.24E-07,0.001514204,0.000753964,2.68E-16,0.015741809,0.007758191,0.020441809,4.92E-10,3.29E-06,0.018978964,0.018962956,16.02964457,0.543395904,0.123689598,0.132034911,2562.906924,1.077161602,13.01305131
719.685673,3.59E-05,4.040901398,1.15E-07,0.00167115,0.000832437,1.96E-17,0.015427925,0.008072075,0.020127925,3.80E-11,3.49E-06,0.023450518,0.02343451,20.668528,0.612210087,0.140233745,0.151094723,2915.784723,1.076773955,14.34876752
734.6938776,3.59E-05,4.031915348,1.14E-07,0.001688737,0.00084123,1.45E-17,0.015392753,0.008107247,0.020092753,2.83E-11,3.51E-06,0.023989599,0.023973591,21.24494428,0.620117953,0.142145671,0.153320973,2956.686864,1.076811316,14.49843876
868.5113738,3.59E-05,3.955687522,1.06E-07,0.001833778,0.000913751,1.16E-18,0.015102678,0.008397322,0.019802678,2.36E-12,3.68E-06,0.028742201,0.028726193,26.47497406,0.686840402,0.158364357,0.172408086,3304.635526,1.077649464,15.73283578
1048.113134,3.59E-05,3.862686613,9.80E-08,0.002001702,0.000997713,4.48E-20,0.014766839,0.008733161,0.019466839,1.01E-13,3.87E-06,0.034961672,0.034945664,33.69166765,0.767402185,0.178151784,0.196199554,3731.438857,1.079640045,17.16196968
1102.040816,3.59E-05,3.836508271,9.60E-08,0.00204737,0.001020547,9.92E-21,0.014675504,0.008824496,0.019375504,2.35E-14,3.91E-06,0.036793167,0.036777159,35.89112127,0.789917489,0.183721645,0.20299986,3852.016254,1.080342781,17.55064046
1264.855217,3.59E-05,3.761616616,9.05E-08,0.002174525,0.001084124,-3.04E-21,0.0144212,0.0090788,0.0191212,5.05E-15,4.04E-06,0.042223767,0.042207759,42.59708684,0.853947817,0.199656039,0.222713693,4197.998128,1.082625346,18.63280801
1469.387755,3.59E-05,3.675092534,8.48E-08,0.002315571,0.001154647,1.85E-22,0.014139115,0.009360885,0.018839115,4.43E-16,4.17E-06,0.048842807,0.048826799,51.11812985,0.927233687,0.218065418,0.245984197,4599.570489,1.085660062,19.83319411
1526.417967,3.59E-05,3.65226301,8.34E-08,0.00235183,0.001172777,8.23E-23,0.014066597,0.009433403,0.018766597,2.00E-16,4.20E-06,0.050649824,0.050633816,53.50649995,0.946449146,0.222922764,0.252215531,4705.848836,1.086518523,20.14178611
1836.734694,3.59E-05,3.536372292,7.68E-08,0.002530369,0.001262046,-1.93E-24,0.013709525,0.009790475,0.018409525,-4.56E-18,4.35E-06,0.060206114,0.060190106,66.54652091,1.043227136,0.247580363,0.284461083,5247.379275,1.091163139,21.66126983
1842.069969,3.59E-05,3.534490609,7.67E-08,0.002533197,0.00126346,-2.13E-24,0.01370387,0.00979613,0.01840387,-5.08E-18,4.35E-06,0.060366511,0.060350503,66.7709886,1.044788022,0.247980721,0.284993319,5256.199426,1.091241907,21.68533405
2204.081633,3.59E-05,3.414184097,7.07E-08,0.002709716,0.00135172,2.78E-24,0.013350837,0.010149163,0.018050837,2.85E-19,4.48E-06,0.070965301,0.070949294,81.98172302,1.143896825,0.273577852,0.319623962,5821.901454,1.096463654,23.18762474
2222.996483,3.59E-05,3.408262922,7.05E-08,0.002718199,0.001355961,3.07E-24,0.013333872,0.010166128,0.018033872,1.53E-20,4.49E-06,0.071504343,0.071488335,82.77440733,1.148739911,0.274837676,0.321359754,5849.83337,1.09672893,23.2598205
2571.428571,3.59E-05,3.304718983,6.59E-08,0.002863727,0.001428725,-6.98E-25,0.013042821,0.010457179,0.017742821,-1.05E-18,4.58E-06,0.081193149,0.081177141,97.31430102,1.232906146,0.296868301,0.352211067,6339.613691,1.101470901,24.49835343
2682.695795,3.59E-05,3.273663492,6.46E-08,0.002906395,0.001450059,-2.28E-25,0.012957485,0.010542515,0.017657485,1.15E-18,4.61E-06,0.084195786,0.084179778,101.9275891,1.257956338,0.303475853,0.361652817,6486.998355,1.102927097,24.86148954
2938.77551,3.59E-05,3.20542199,6.20E-08,0.002998696,0.00149621,-1.98E-24,0.012772886,0.010727114,0.017472886,9.16E-19,4.66E-06,0.090950633,0.090934625,112.4794209,1.312688097,0.317995321,0.382718761,6811.641714,1.106174208,25.64703113
3237.457543,3.59E-05,3.13091108,5.92E-08,0.003097343,0.001545533,1.12E-24,0.012575594,0.010924406,0.017275594,3.46E-18,4.70E-06,0.098572853,0.098556845,124.6587512,1.371954517,0.333848706,0.406238467,7167.322797,1.109785619,26.48658103
3306.122449,3.59E-05,3.114480562,5.87E-08,0.003118815,0.001556269,5.68E-25,0.012532651,0.010967349,0.017232651,1.77E-18,4.71E-06,0.100288439,0.100272431,127.4378418,1.384953853,0.337344561,0.411500124,7245.923652,1.110590424,26.66932026
3673.469388,3.59E-05,3.030553495,5.58E-08,0.003227018,0.001610371,-2.06E-25,0.012316249,0.011183751,0.017016249,-6.21E-19,4.76E-06,0.109248916,0.109232908,142.1658815,1.450959921,0.355201384,0.438817234,7648.363282,1.114744166,27.5901943
3906.939937,3.59E-05,2.980379723,5.42E-08,0.003290596,0.00164216,-1.67E-25,0.012189095,0.011310905,0.016889095,-5.55E-19,4.78E-06,0.114764252,0.114748244,151.4000447,1.490102997,0.365876655,0.455511792,7889.704763,1.117258159,28.13128106
4040.816327,3.59E-05,2.952614327,5.34E-08,0.003325445,0.001659584,-8.08E-26,0.012119398,0.011380602,0.016819398,-1.22E-19,4.80E-06,0.117867771,0.117851763,156.6496822,1.511661344,0.371784186,0.464871518,8023.500422,1.118658969,28.42786648
4408.163265,3.59E-05,2.879859404,5.12E-08,0.003415698,0.001704711,-3.44E-26,0.011938892,0.011561108,0.016638892,1.70E-19,4.82E-06,0.126175354,0.126159346,170.8819072,1.567801074,0.387263957,0.489821034,8374.9033,1.122360015,29.1959852
4714.866363,3.59E-05,2.822615427,4.96E-08,0.003485698,0.001739711,-1.62E-26,0.011798894,0.011701106,0.016498894,5.52E-20,4.84E-06,0.132892035,0.132876028,182.5695697,1.611611669,0.399443526,0.509898597,8652.213658,1.125301125,29.79172896
4775.510204,3.59E-05,2.811643271,4.93E-08,0.00349902,0.001746371,-1.06E-25,0.011772252,0.011727748,0.016472252,1.43E-20,4.84E-06,0.134197759,0.134181751,184.8594894,1.619972375,0.401778027,0.513793402,8705.449566,1.125867664,29.90510055
5142.857143,3.59E-05,2.747439448,4.75E-08,0.003576384,0.001785054,2.03E-26,0.011617526,0.011882474,0.016317526,2.78E-19,4.86E-06,0.141957588,0.14194158,198.5822916,1.668656525,0.415438415,0.536893141,9017.494793,1.129200204,30.56351891
5510.204082,3.59E-05,2.686811736,4.60E-08,0.003648574,0.001821149,2.92E-26,0.011473146,0.012026854,0.016173146,-4.18E-20,4.87E-06,0.149474579,0.149458571,212.0521761,1.714250243,0.428337929,0.559207246,9312.997237,1.132373534,31.17790448
5689.866029,3.59E-05,2.658349337,4.52E-08,0.003682194,0.001837959,-1.09E-25,0.011405907,0.012094093,0.016105907,1.61E-19,4.88E-06,0.153067884,0.153051877,218.5488635,1.735526026,0.434393758,0.569857129,9452.005487,1.133871904,31.46403239
5877.55102,3.59E-05,2.629394168,4.45E-08,0.003716228,0.001854976,-4.07E-26,0.01133784,0.01216216,0.01603784,7.63E-19,4.88E-06,0.156766091,0.156750083,225.2723735,1.757084778,0.440554432,0.580809044,9593.605037,1.135401616,31.75368496
6244.897959,3.59E-05,2.574876233,4.32E-08,0.003779873,0.001886798,1.27E-25,0.011210552,0.012289448,0.015910552,5.99E-19,4.88E-06,0.163847493,0.163831485,238.2470448,1.797439905,0.452153993,0.601761041,9860.720731,1.138296697,32.29534134
6612.244898,3.59E-05,2.522992249,4.20E-08,0.003839947,0.001916835,-1.73E-26,0.011090405,0.012409595,0.015790405,-2.03E-19,4.89E-06,0.170732459,0.170716452,250.9809844,1.835553953,0.463193138,0.622116911,10115.54752,1.141070005,32.80660969
6866.48845,3.59E-05,2.488503403,4.13E-08,0.003879631,0.001936677,-5.33E-26,0.011011038,0.012488962,0.015711038,-5.63E-20,4.89E-06,0.175389058,0.17537305,259.6559961,1.860729603,0.470531191,0.635881022,10285.27251,1.142923385,33.14434491
6979.591837,3.59E-05,2.473512623,4.09E-08,0.003896821,0.001945272,-1.28E-26,0.010976658,0.012523342,0.015676658,1.67E-20,4.89E-06,0.177433237,0.177417229,263.4793898,1.871632025,0.473720719,0.641923254,10359.12791,1.143731434,33.29064313
7346.938776,3.59E-05,2.426236869,3.99E-08,0.003950811,0.001972267,-7.18E-26,0.010868678,0.012631322,0.015568678,3.86E-19,4.88E-06,0.183960862,0.183944854,275.7476893,1.90585253,0.48377939,0.661221065,10592.37486,1.146289095,33.75013725
7714.285714,3.59E-05,2.380989647,3.89E-08,0.00400219,0.001997957,3.33E-25,0.010765922,0.012734078,0.015465922,-5.47E-20,4.88E-06,0.190325293,0.190309285,287.7914485,1.938370893,0.493406458,0.680046289,10816.0885,1.148750746,34.18739934
8081.632653,3.59E-05,2.337616304,3.81E-08,0.00405119,0.002022457,-3.04E-25,0.010667922,0.012832078,0.015367922,-1.84E-21,4.88E-06,0.196535566,0.196519559,299.6162785,1.969323694,0.502634829,0.698430772,11030.97612,1.151123355,34.60442484
8286.427729,3.59E-05,2.314197885,3.76E-08,0.004077552,0.002035638,-2.11E-25,0.010615199,0.012884801,0.015315199,4.18E-19,4.87E-06,0.19993393,0.199917922,306.1156208,1.985945389,0.507617471,0.708499367,11147.17931,1.152409757,34.82878252
8448.979592,3.59E-05,2.295979517,3.72E-08,0.004098017,0.00204587,-7.75E-26,0.010574269,0.012925731,0.015274269,6.13E-19,4.87E-06,0.202599921,0.202583913,311.2277786,1.998831779,0.51149372,0.716402952,11237.66721,1.153413057,35.00295377
8816.326531,3.59E-05,2.255956739,3.64E-08,0.00414285,0.002068287,1.87E-25,0.010484603,0.013015397,0.015184603,2.88E-19,4.86E-06,0.208525891,0.208509883,322.6314879,2.027002623,0.520009205,0.733988351,11436.72474,1.155625281,35.38451266
9183.673469,3.59E-05,2.217438198,3.57E-08,0.004185848,0.002089786,2.83E-25,0.010398609,0.013101391,0.015098609,-8.76E-19,4.86E-06,0.214320388,0.214304381,333.8328583,2.053932177,0.528204639,0.751209944,11628.65403,1.157764965,35.75044652
9551.020408,3.59E-05,2.180325137,3.50E-08,0.004227149,0.002110436,-1.35E-25,0.010316008,0.013183992,0.015016008,-1.47E-18,4.85E-06,0.219989771,0.219973763,344.8372314,2.079706481,0.536101035,0.768088497,11813.91055,1.1598366,36.10194648
9918.367347,3.59E-05,2.144528333,3.43E-08,0.004266879,0.002130301,-7.94E-26,0.010236548,0.013263452,0.014936548,-7.54E-19,4.84E-06,0.225539903,0.225523895,355.6498194,2.10440303,0.543717376,0.784642872,11992.90657,1.16184425,36.44007311
10000,3.59E-05,2.136743948,3.42E-08,0.004275506,0.002134615,-1.49E-27,0.010219295,0.013280705,0.014919295,-6.03E-19,4.84E-06,0.226757626,0.226741618,358.0270854,2.109751973,0.545373628,0.788279358,12031.87164,1.162282081,36.51349367
10285.71429,3.59E-05,2.109966912,3.37E-08,0.004305149,0.002149436,1.61E-25,0.010160009,0.013339991,0.014860009,-6.50E-19,4.83E-06,0.23097621,0.230960202,366.2757008,2.128091847,0.55107087,0.800890243,12166.01646,1.16379165,36.7657742
10653.06122,3.59E-05,2.076567198,3.31E-08,0.004342059,0.002167891,-8.89E-26,0.01008619,0.01341381,0.01478619,-7.76E-19,4.82E-06,0.236303727,0.236287719,376.7198115,2.150836537,0.558177192,0.816846364,12333.58194,1.165682116,37.07990204
11020.40816,3.59E-05,2.044262013,3.26E-08,0.004377699,0.002185711,-1.37E-25,0.01001491,0.01348509,0.01471491,-6.00E-19,4.81E-06,0.241527131,0.241511123,386.9869414,2.172694927,0.565050636,0.832525658,12495.91506,1.167518742,37.38322374
11387.7551,3.59E-05,2.012989825,3.20E-08,0.004412151,0.002202937,-9.75E-26,0.009946006,0.013553994,0.014646006,-3.17E-19,4.80E-06,0.246650781,0.246634773,397.0817353,2.193719826,0.571704292,0.847941416,12653.30215,1.169304342,37.67643344
11755.10204,3.59E-05,1.982694452,3.15E-08,0.004445489,0.002219606,1.57E-26,0.009879332,0.013620668,0.014579332,6.99E-20,4.78E-06,0.251678731,0.251662723,407.0086928,2.21395931,0.578150117,0.863105755,12806.00492,1.17104177,37.96015668
12122.44898,3.59E-05,1.953324052,3.10E-08,0.004477779,0.002235751,3.55E-26,0.009814752,0.013685248,0.014514752,2.01E-19,4.77E-06,0.256614782,0.256598774,416.7721684,2.233457621,0.584399138,0.878029945,12954.26527,1.172733524,38.23496479
12489.79592,3.59E-05,1.924830714,3.05E-08,0.004509082,0.002251403,2.09E-26,0.009752145,0.013747855,0.014452145,3.37E-20,4.76E-06,0.261462496,0.261446488,426.3763755,2.252255543,0.59046155,0.892724485,13098.30717,1.17438183,38.50138049
12857.14286,3.59E-05,1.897170113,3.01E-08,0.004539456,0.00226659,-1.30E-26,0.009691398,0.013808602,0.014391398,-1.25E-19,4.75E-06,0.266225218,0.26620921,435.825389,2.270390711,0.596346784,0.907199147,13238.33817,1.175988722,38.75988257
13224.4898,3.59E-05,1.870301204,2.97E-08,0.004568952,0.002281338,-3.74E-26,0.009632407,0.013867593,0.014332407,-1.96E-19,4.73E-06,0.270906094,0.270890086,445.1231494,2.287897882,0.602063574,0.921463019,13374.55068,1.177556113,39.01090997
13591.83673,3.59E-05,1.844186005,2.92E-08,0.004597617,0.00229567,-2.44E-26,0.009575078,0.013924922,0.014275078,-1.42E-19,4.72E-06,0.275508076,0.275492068,454.2734646,2.30480913,0.607619999,0.935524518,13507.12297,1.179085881,39.25486476
13959.18367,3.59E-05,1.818788982,2.88E-08,0.004625494,0.002309609,-2.19E-26,0.009519323,0.013980677,0.014219323,-2.06E-20,4.71E-06,0.280033959,0.280017951,463.2800165,2.3211544,0.613023621,0.949391624,13636.22214,1.180579599,39.49212033
14326.53061,3.59E-05,1.794077281,2.85E-08,0.004652625,0.002323174,-1.56E-26,0.009465062,0.014034938,0.014165062,1.02E-19,4.69E-06,0.284486368,0.28447036,472.1463618,2.336961297,0.61828143,0.963071669,13762.00276,1.18203895,39.72301814
14693.87755,3.59E-05,1.770020141,2.81E-08,0.004679046,0.002336385,1.94E-26,0.009412221,0.014087779,0.014112221,1.09E-19,4.68E-06,0.288867788,0.28885178,480.8759396,2.352255609,0.62339997,0.976571583,13884.60979,1.183465426,39.94787554
15061.22449,3.59E-05,1.746588675,2.77E-08,0.004704791,0.002349257,9.10E-27,0.00936073,0.01413927,0.01406073,1.39E-19,4.67E-06,0.293180582,0.293164575,489.4720807,2.3670615,0.628385388,0.989897952,14004.1796,1.184860327,40.16698847
15428.57143,3.59E-05,1.723756047,2.74E-08,0.004729894,0.002361809,-1.36E-26,0.009310525,0.014189475,0.014010525,1.09E-19,4.65E-06,0.297426976,0.297410968,497.9380005,2.381401354,0.633243394,1.003056851,14120.83891,1.18622504,40.38062912
15795.91837,3.59E-05,1.701496958,2.71E-08,0.004754384,0.002374054,6.09E-26,0.009261546,0.014238454,0.013961546,-1.64E-19,4.64E-06,0.301609088,0.30159308,506.2768104,2.395296233,0.637979371,1.016054081,14234.70741,1.187560756,40.58905255
16163.26531,3.59E-05,1.679787501,2.67E-08,0.004778289,0.002386006,4.41E-26,0.009213736,0.014286264,0.013913736,-2.95E-19,4.63E-06,0.305728939,0.305712931,514.4915238,2.408766001,0.642598404,1.028895211,14345.89842,1.188868481,40.79249858
16530.61224,3.59E-05,1.658605576,2.64E-08,0.004801635,0.002397679,-6.50E-26,0.009167045,0.014332955,0.013867045,-2.12E-19,4.61E-06,0.309788429,0.309772421,522.5850455,2.421828959,0.647105197,1.041585274,14454.51661,1.190149451,40.99118633
16897.95918,3.59E-05,1.637930009,2.61E-08,0.004824446,0.002409085,-7.44E-26,0.009121422,0.014378578,0.013821422,-1.51E-19,4.60E-06,0.313789388,0.31377338,530.5601981,2.434502623,0.651504253,1.054129254,14560.66258,1.191404556,41.18532524
17265.30612,3.59E-05,1.61774117,2.58E-08,0.004846745,0.002420234,6.42E-28,0.009076824,0.014423176,0.013776824,-7.68E-20,4.59E-06,0.317733537,0.317717529,538.4197027,2.446803176,0.655799751,1.066531672,14664.42951,1.192634881,41.37510745
17632.65306,3.59E-05,1.598020268,2.55E-08,0.004868554,0.002431139,2.07E-26,0.009033206,0.014466794,0.013733206,6.24E-20,4.57E-06,0.321622537,0.32160653,546.1662021,2.458746091,0.659995688,1.078796978,14765.90686,1.193841254,41.5607164
18000,3.59E-05,1.578749711,2.53E-08,0.004889893,0.002441808,1.79E-26,0.008990529,0.014509471,0.013690529,1.59E-19,4.56E-06,0.325457961,0.325441954,553.8022509,2.470345814,0.664095806,1.090929297,14865.17836,1.195024578,41.74232237
