M + R -> Pn; 833
M + Pn -> Pn; 833
2 R -> 2 D; 2e+08
Pn + R -> D + PnD; 2e+08
2 Pn -> 2 PnD; 1e+08
2 Pn -> PnDPn; 1e+08
TI -> 2 R; 9.1e-06
The initiation efficiency of the thermal initiator is 0.8.
D:,dy_0/dt = 200000000.0*y_2*y_5 + 400000000.0*y_5**2
M:,dy_1/dt = -833*y_1*y_2 - 833*y_1*y_5
Pn:,dy_2/dt = 833*y_1*y_5 - 400000000.0*y_2**2 - 200000000.0*y_2*y_5
PnD:,dy_3/dt = 200000000.0*y_2**2 + 200000000.0*y_2*y_5
PnDPn:,dy_4/dt = 100000000.0*y_2**2
R:,dy_5/dt = -833*y_1*y_5 - 200000000.0*y_2*y_5 - 400000000.0*y_5**2 + 1.456e-5*y_6
TI:,dy_6/dt = -9.1e-6*y_6
M1_Pn:,dy_7/dt = 833*y_1*y_2 + 833*y_1*y_5 - 400000000.0*y_2*y_7 - 200000000.0*y_5*y_7
M1_PnD:,dy_8/dt = 200000000.0*y_2*y_7 + 200000000.0*y_5*y_7
M1_PnDPn:,dy_9/dt = 200000000.0*y_2*y_7
M2_total:,dy_10/dt = 833*y_1*y_2 + 833*y_1*y_5 + 1666*y_1*y_7 + 200000000.0*y_7**2
Tmol% does not apply to conventional radical polymerization.
time (s),D,M,Pn,PnD,PnDPn,R,TI,M1_Pn,M1_PnD,M1_PnDPn,M2_total,conversion,ln([M]0/[M]),Mn,Mw/Mn,Tmol% (%)
0.0,0.0,5.0,0.0,0.0,0.0,0.0,0.1,0.0,0.0,0.0,0.0,0.0,0.0,0.0,1.0,100.0
1.0,4.121223506312759e-09,4.999755246771955,6.015710075717373e-08,6.977195544667248e-07,3.4682346068816724e-07,3.485751135462717e-10,0.09999909000414045,1.044208981652876e-05,0.00011749586388919472,0.0001168152743459889,0.1014370938649691,4.895064560894724e-05,4.895184373084411e-05,22182.212927177396,1.8706146923257194,100.0
1.2067926406393286,4.9985354368295995e-09,4.999703136603145,6.01570424959857e-08,8.482580876033523e-07,4.2165909658583195e-07,3.485780809512768e-10,0.09999890182472698,1.044198212992826e-05,0.000143626271545134,0.00014279514318682633,0.12398507399514368,5.937267937099478e-05,5.937444199835963e-05,22346.093696735625,1.8712507116426114,100.0
1.4563484775012439,6.057277958387081e-09,4.999640251221538,6.01569721850792e-08,1.0299265041856343e-06,5.119699982186564e-07,3.4858166202302224e-10,0.0999986747316672,1.0441851927074584e-05,0.00017515986182846223,0.0001741470647127374,0.15119518639226162,7.194975569237982e-05,7.195234420029296e-05,22482.425381485657,1.8716141375185817,100.0
1.7575106248547918,7.334973662030021e-09,4.999564362751381,6.015688733036475e-08,1.249162062817705e-06,6.209562485664148e-07,3.485859836764923e-10,0.09999840067812064,1.0441693245100643e-05,0.00021321379423478752,0.00021198176114464018,0.1840312415416854,8.712744972374508e-05,8.713124554042111e-05,22595.742493481743,1.8718057356785782,100.0
2.120950887920191,8.876906396432883e-09,4.999472782772408,6.015678493043608e-08,1.5137331212235978e-06,7.524796440186155e-07,3.4859119907779883e-10,0.0999980699533176,1.044150214354488e-05,0.00025913616505207035,0.00025763956040284115,0.22365622719129014,0.00010544344551846052,0.00010544900506944585,22689.855454230797,1.8718908149922435,100.0
2.5595479226995357,1.0737727088664116e-08,4.9993622671573545,6.015666135574135e-08,1.8330143618975015e-06,9.112005134979329e-07,3.4859749307560646e-10,0.0999976708385157,1.0441271981440137e-05,0.0003145537285815516,0.00031273784208869256,0.27147344011136376,0.00012754656852909108,0.00012755470328432148,22767.95758654436,1.871911577072375,100.0
3.088843596477481,1.2983392026640502e-08,4.999228901264357,6.015651222722756e-08,2.218318916041298e-06,1.1027428224057158e-06,3.486050887567824e-10,0.09999718919183109,1.044099412871411e-05,0.00038142946664805697,0.0003792282748731468,0.3291760936999891,0.0001542197471286144,0.00015423164021651357,22832.71876850588,1.8718951094358258,100.0
3.72759372031494,1.5693502521541676e-08,4.999067961438866,6.015633226002174e-08,2.683299144369817e-06,1.3338934066174867e-06,3.4861425535962383e-10,0.09999660794724581,1.0440658862459282e-05,0.00046213203758021983,0.00045946586469863484,0.3988071429025406,0.00018640771222688812,0.00018642508830386643,22886.366463313465,1.8718586069385457,100.0
4.498432668969445,1.8964129226608688e-08,4.998873747946033,6.01561150768027e-08,3.2444302618381812e-06,1.6128423888980149e-06,3.4862531782619474e-10,0.09999590651005669,1.0440254353080163e-05,0.0005595195523399859,0.0005562922472811344,0.4828314262974203,0.00022525041079344277,0.00022527578347736842,22930.75528152664,1.871812809020249,100.0
5.428675439323859,2.291122170615282e-08,4.998639383459421,6.015585298281425e-08,3.921593921905288e-06,1.9494732858270444e-06,3.486386683338992e-10,0.09999506002737064,1.0439766179289785e-05,0.0006770406222020898,0.0006731361522041109,0.5842226436080912,0.00027212330811572373,0.00027216034038157977,22967.42622023496,1.871764259415996,100.0
6.551285568595508,2.7674724799577122e-08,4.9983565700359485,6.015553669106795e-08,4.738782407830558e-06,2.3557130689143404e-06,3.486547802173797e-10,0.09999403850783627,1.0439177064279269e-05,0.0008188562235107946,0.0008141345634832605,0.7065681921801904,0.00032868599281030695,0.00032874002189052596,22997.656725931694,1.8717167869943112,100.0
7.906043210907698,3.342354879979888e-08,4.99801529605182,6.015515499418804e-08,5.724948338829585e-06,2.8459545611609936e-06,3.4867422477767143e-10,0.09999280575947549,1.0438466170250873e-05,0.000989986654919352,0.0009842788270979861,0.8541955152077059,0.0003969407896359911,0.00039701959148505514,23022.50292210876,1.871672491507103,100.0
9.54095476349994,4.036157117813117e-08,4.997603482852061,6.015469436761922e-08,6.915029933691433e-06,3.437566102535674e-06,3.486976915799527e-10,0.09999131810806122,1.0437608338508894e-05,0.0011964887256358503,0.0011895908139716073,1.032324331370294,0.00047930342958775186,0.0004794183321936015,23042.83498755419,1.8716323962322368,100.0
11.513953993264469,4.873488464717714e-08,4.99710655883068,6.015413849037206e-08,8.351188061989587e-06,4.151506493282849e-06,3.4872601296507616e-10,0.09998952285075141,1.0436573217746764e-05,0.0014456693343077019,0.0014373352618023375,1.2472499302871087,0.0005786882338639998,0.0005788557385250498,23059.366305680654,1.8715968452027747,100.0
13.894954943731374,5.8840551818407604e-08,4.9965069461402605,6.015346766693395e-08,1.008429877602101e-05,5.013066933024962e-06,3.4876019365484575e-10,0.09998735639036138,1.0435324187990876e-05,0.0017463428610260347,0.0017362756745328753,1.5065638014414628,0.0006986107719479051,0.0006988549141667097,23072.677550981887,1.8715657565821457,100.0
16.768329368110074,7.103718220126664e-08,4.995783442176771,6.015265812962088e-08,1.2175754011392463e-05,6.052766143614305e-06,3.4880144651995244e-10,0.09998474198441222,1.043381708122764e-05,0.0021091413259173982,0.0020969826802381885,1.819419210567246,0.0008433115646457878,0.0008436673518836399,23083.237016436262,1.8715388452050623,100.0
20.235896477251565,8.575771286725706e-08,4.994910474660991,6.01516811968234e-08,1.469963395413644e-05,7.307430236248727e-06,3.48851235796257e-10,0.09998158702958002,1.0431998628826864e-05,0.002546887935387992,0.0025322054049985113,2.1968504813209644,0.0010179050678017277,0.0010184234849947244,23091.41669283967,1.8715157283915904,100.0
24.42053094548651,1.035248567763124e-07,4.993857204729254,6.015050225729851e-08,1.7745327620313935e-05,8.821495366603337e-06,3.489113293182986e-10,0.09997777978586005,1.0429804600126032e-05,0.003075046847980883,0.0030573186181720455,2.652156722112622,0.0012285590541491586,0.0012293143515055612,23097.50534573932,1.871496017844449,100.0
29.4705170255181,1.2496977845239037e-07,4.992586448077448,6.014907954478936e-08,2.1420693831302245e-05,1.0648578993006738e-05,3.489838616641222e-10,0.099973185425213,1.0427157532458319e-05,0.0037122641839943235,0.0036908605810318986,3.201361844309311,0.0014827103845103551,0.0014838106873072813,23101.717195753685,1.8714792177497674,100.0
35.564803062231285,1.5085468909041364e-07,4.991053376528242,6.014736265934285e-08,2.5855873759848893e-05,1.2853374983538914e-05,3.4907141053849684e-10,0.09996764126571868,1.042396404583653e-05,0.004481019149493843,0.004455180358225041,3.863767532367381,0.0017893246943515352,0.0017909274479656289,23104.201559968682,1.8714649812512767,100.0
42.91934260128776,1.821001815237431e-07,4.9892039589213475,6.014529078346608e-08,3.12078886311537e-05,1.5513938958650878e-05,3.491770891774268e-10,0.09996095102425132,1.0420111589708702e-05,0.00540840589165981,0.00537721507541005,4.6626135820101124,0.0021592082157305013,0.0021615426667724465,23105.045944806727,1.871452896150639,100.0
51.7947467923121,2.1981833456618306e-07,4.986973087911898,6.014279053003643e-08,3.766618368720665e-05,1.8724443915351322e-05,3.4930465823432544e-10,0.09995287788628268,1.0415464540965019e-05,0.006527072873536365,0.006489423750031232,5.625868975360249,0.0026053824176203834,0.0026087823330620008,23104.280582510186,1.871442646236656,100.0
62.505519252739695,2.653528181435903e-07,4.984282333989054,6.013977334617878e-08,4.5459311855261524e-05,2.259850224512965e-05,3.4945866131497846e-10,0.09994313615100267,1.040985952572512e-05,0.007876349208910647,0.007830906942516811,6.787174592447837,0.003143533202189275,0.003148484481749904,23101.878895729245,1.8714339466516399,100.0
75.43120063354615,3.203275274418696e-07,4.981037254675851,6.013613238172477e-08,5.48629898431285e-05,2.7273169752719058e-05,3.496445893112732e-10,0.09993138116084185,1.0403099813487055e-05,0.009503594093243377,0.009448748131098922,8.186965722204228,0.003792549064829842,0.0037997590141985713,23097.756961349118,1.871426579191576,100.0
91.02981779915217,3.867056135741778e-07,4.977124176484937,6.013173871222153e-08,6.620980599416281e-05,3.29137704204149e-05,3.498690797995948e-10,0.09991719716621475,1.0394948614366623e-05,0.011465810683091793,0.011399617883363328,9.873803811437687,0.004575164703012646,0.004585662801634129,23091.770745134825,1.8714204034328075,100.0
109.85411419875584,4.668612134149472e-07,4.972406354308095,6.012643678393354e-08,7.990091497503453e-05,3.971970831832674e-05,3.501401593167892e-10,0.0999000827066237,1.0385121078253285e-05,0.013831572252701152,0.013751688318130974,11.905949703789547,0.005518729138380962,0.005534013583779718,23083.7107296099,1.8714153076630355,100.0
132.57113655901082,5.636667399563937e-07,4.9667193972755435,6.012003892142292e-08,9.642012085310923e-05,4.793146602787304e-05,3.5046753803379596e-10,0.09987943300615294,1.0373274766631706e-05,0.01668331631067268,0.01658691313902204,14.353215396816122,0.006656120544891309,0.006678371306039309,23073.29520466561,1.8714112578822293,100.0
159.98587196060572,6.805992768212654e-07,4.959865838155494,6.011231870579631e-08,0.00011635082870473581,5.78390279019164e-05,3.5086296884929257e-10,0.09985451878314557,1.0358998339925428e-05,0.020120068381659407,0.020003734464511477,17.29912899374883,0.008026832368901182,0.008059220822061407,23060.160691295096,1.87140829889544,100.0
193.06977288832496,8.218705197098619e-07,4.951608707890457,6.010300299307568e-08,0.0001403964381293655,6.97920126596835e-05,3.5134068576156554e-10,0.09982446075730492,1.0341798172473102e-05,0.024260664941682906,0.02412028536969313,20.843448914394436,0.00967825842190866,0.009725397158776163,23043.850141293366,1.8714066241897052,100.0
232.99518105153717,9.925858396138406e-07,4.941663968564281,6.009176229581853e-08,0.00016940486141026786,8.421185394086851e-05,3.519179401766919e-10,0.09978819900074258,1.0321082589337506e-05,0.02924754920159745,0.029078161151536976,25.105053458384006,0.011667206287143728,0.011735802208934651,23023.797617937184,1.8714065763960315,100.0
281.1768697974228,1.1989395401557416e-06,4.929691649572094,6.007819919567992e-08,0.0002043979773225733,0.00010160643083793026,3.5261565887444223e-10,0.09974445611915408,1.0296143401550359e-05,0.03525121775828715,0.03504683652622263,30.22522438872087,0.014061670085581212,0.014161472061308727,22999.310140703878,1.8714087525657292,100.0
339.3221771895326,1.4484553205585652e-06,4.91528553885087,6.006183438883108e-08,0.0002466069800705502,0.0001225876237145021,3.53459253707186e-10,0.0996916930636789,1.0266134431076305e-05,0.042475392664617244,0.04222880235008673,36.37131554897235,0.01694289222982608,0.017088065130607403,22969.54551954721,1.8714140931861885,100.0
409.49150623804235,1.7502835463209182e-06,4.8979613004391185,6.004208988784229e-08,0.00029751475369506114,0.00014789235477753466,3.5447962170564737e-10,0.09962805616039626,1.0230046757180759e-05,0.05116298384921417,0.050865485664915736,43.74076090032988,0.020407739912176304,0.020618855029842363,22933.485863403726,1.8714239685362524,100.0
494.1713361323833,2.1155703729201406e-06,4.877142929933599,6.001826881100536e-08,0.0003589065959751007,0.0001784077680247716,3.55714385743754e-10,0.09955131370226201,1.0186680499754367e-05,0.061602886764212085,0.0612439966216953,52.56533062527345,0.02457141401328027,0.024878329198245546,22889.907410766686,1.871440618892409,100.0
596.3623316594643,2.557918485298843e-06,4.852147555017742,5.998953108096463e-08,0.00043293083145227323,0.0002152013086863235,3.572094412693832e-10,0.09945878017871827,1.0134613154196825e-05,0.07413761244344515,0.0737046979256642,63.11542715747376,0.029570488996451517,0.030016510640399046,22837.344228735565,1.8714673639586417,100.0
719.6856730011514,3.093965605793788e-06,4.822168721337483,5.995486422641791e-08,0.0005221710875633987,0.00025955657633337635,3.5902089602223536e-10,0.09934722592517432,1.0072164769581659e-05,0.08917168072007813,0.08864952577767597,75.70410521365002,0.03556625573250347,0.0362141433790241,22774.046547204533,1.871508984819669,100.0
734.6938775510204,3.1593679581147465e-06,4.818534132103313,5.99506463554853e-08,0.000533024612209929,0.0002649510246181516,3.5924188763426793e-10,0.09933365853794213,1.00645936127991e-05,0.09099440589531155,0.09046139740776926,77.2255291761107,0.03629317357933744,0.0369681525963232,22766.35651213777,1.8715147369817393,100.0
868.511373751352,3.7441158448745706e-06,4.786258519081791,5.991304833198104e-08,0.0006297322537472354,0.0003130159444140401,3.6121751789822674e-10,0.09921276966707121,9.997360709657496e-06,0.10718059993459063,0.10655088362291582,90.69032959780694,0.0427482961836418,0.04368890871891761,22697.934834348733,1.871572530323355,100.0
1048.1131341546852,4.533471406034047e-06,4.7433092621971085,5.986261400896755e-08,0.0007593423848660711,0.0003774310536554728,3.6388384760080986e-10,0.09905075113119942,9.90789347871813e-06,0.12872007829845492,0.12796075161096454,108.4807087252511,0.05133814756057831,0.052702863743379964,22606.548069232813,1.8716683832241294,100.0
1264.8552168552958,5.493029962271063e-06,4.692035912355688,5.98017920616949e-08,0.0009154730271190198,0.0004550223865289371,3.6712419172500707e-10,0.09885558062559034,9.801086094273358e-06,0.15443487209134968,0.15351941446687456,129.52862684011893,0.061592817528862476,0.0635713277174125,22496.988160414585,1.8718116555138473,100.0
1469.3877551020407,6.4055692900027074e-06,4.644203548595001,5.974443817564958e-08,0.0010625262467891775,0.0005280982864241905,3.702048369944638e-10,0.09867175718526837,9.70144631229886e-06,0.17842463054020033,0.17736211941849309,148.97696967605262,0.07115929028099988,0.07381801911216813,22394.35016435863,1.8719743775827327,100.0
1526.4179671752318,6.661238338767198e-06,4.630961140287942,5.972845330374095e-08,0.001103480593638712,0.0005484491921866983,3.710677911261156e-10,0.09862056230258,9.673860947116933e-06,0.18506632569848439,0.18396286015263247,154.3293194375751,0.07380777194241155,0.07667347618469698,22365.862685577278,1.8720244992030437,100.0
1842.0699693267145,8.086030296738036e-06,4.558405886879158,5.964003672906071e-08,0.00132977144263618,0.0006608910261167933,3.7587558243460813e-10,0.09833768778682571,9.522720108855007e-06,0.22145717361131545,0.22012741678942296,183.4089232378142,0.08831882262416837,0.09246493623802064,22209.228706732185,1.8723392887647505,100.0
2204.081632653061,9.74048314049616e-06,4.476713883594199,5.953875254481817e-08,0.0015884982540110418,0.0007894375868472454,3.814556338197314e-10,0.09801426635559109,9.352545515533366e-06,0.2624326239908575,0.2608441398694328,215.65209430070175,0.10465722328116023,0.11054864328221035,22031.752636593792,1.8727778399446373,100.0
2222.996482526193,9.827530644881108e-06,4.472489557027973,5.9533463975614805e-08,0.0016019931191207613,0.0007961420465275198,3.817491430187121e-10,0.09799739708872884,9.343745692848968e-06,0.26455153911916635,0.2629495601071731,217.30503335868514,0.10550208859440549,0.11149271096555309,22022.542861057012,1.8728030209125035,100.0
2682.6957952797247,1.1961689426074018e-05,4.37114556507258,5.94050377327381e-08,0.0019292536801924444,0.0009587188996720644,3.8894267195962247e-10,0.09758830439816056,9.132632176836526e-06,0.31538727124281074,0.3134580310524376,256.5359403375805,0.12577088698548397,0.1344127946428804,21800.62629294754,1.8734838787077437,100.0
2938.7755102040815,1.3166146022400666e-05,4.315777051122714,5.9333583988572077e-08,0.002110964075686361,0.0010489796978753285,3.9300039030003657e-10,0.0973611566599726,9.017291279466425e-06,0.3431624412572823,0.34105149032872945,277.6251931770464,0.13684458977545724,0.14716052273882582,21678.586798438802,1.873920277509827,100.0
3237.457542817643,1.4585233105925488e-05,4.25215984804685,5.925032145056176e-08,0.0023223699372598976,0.0011539824238172146,3.977792532598223e-10,0.09709688770868688,8.88476654680918e-06,0.37507681218767874,0.37275445499893,301.5555412361547,0.14956803039062994,0.16201085904699222,21537.655600979768,1.8744805876317077,100.0
3673.4693877551017,1.6684631330646078e-05,4.161117877467682,5.9128926985850625e-08,0.002629946993523457,0.0013067352966529306,4.048453076594364e-10,0.09671239890504232,8.695110550887098e-06,0.4207516811233094,0.41812174629846394,335.2418727964647,0.16777642450646368,0.18365415371471158,21334.61895677794,1.87539722575418,100.0
3906.939937054613,1.7822509047523074e-05,4.113241949799358,5.9063997424933653e-08,0.0027941435414004638,0.0013882723573808932,4.086732416638042e-10,0.09650714360132472,8.595376259040695e-06,0.44477179325329325,0.4419776615710956,352.69146381053787,0.17735161004012845,0.19522639929006508,21227.19604449289,1.8759360046311755,100.0
4408.163265306122,2.0298049776152673e-05,4.012473471176141,5.8924775966801054e-08,0.0031454701297759123,0.0015627149657605971,4.1699667966576015e-10,0.0960679640919713,8.385455854419533e-06,0.49533180115030573,0.4921863422177043,388.82139681449394,0.19750530576477185,0.2200300355447096,20999.581933156245,1.877204458411726,100.0
4714.8663634573895,2.1835094737185927e-05,3.9521401117214996,5.883970006138277e-08,0.0033596607255588933,0.0016690525398848205,4.22161540659557e-10,0.09580021239879541,8.259768833659313e-06,0.5256056392207857,0.5222459892888865,410.0651636351757,0.20957197765570007,0.23518067980611004,20862.295968260823,1.8780553978388885,100.0
5142.857142857142,2.4008549782270925e-05,3.869592705995875,5.8721125318002364e-08,0.003657556448023313,0.0018169291935658072,4.294608814056028e-10,0.09542782341529786,8.08780421574769e-06,0.5670283762076799,0.5633708299922349,438.65853537890354,0.226081458800825,0.25628865485965535,20673.205070088585,1.879336987847585,100.0
5689.866029018293,2.6835511328577952e-05,3.766812412310562,5.8569820886147615e-08,0.004036606679867987,0.002005061454018261,4.389479821779781e-10,0.09495398493249876,7.873688156035405e-06,0.6186081555811491,0.6145715584201382,473.49654002138107,0.2466375175378876,0.2832087825987132,20435.671346025756,1.8811334081380018,100.0
5877.551020408163,2.7818318024873258e-05,3.7322355730584764,5.851796937401646e-08,0.004166228754150053,0.0020693883746546,4.422443849100157e-10,0.09479194826143882,7.801655812529513e-06,0.6359614223825112,0.6317952029032055,485.0258371549448,0.2535528853883047,0.2924305089710254,20355.22397497547,1.8817904839038555,100.0
6612.244897959184,3.172957998154285e-05,3.6001726634272133,5.8315302415672644e-08,0.004671509697192088,0.0023201028101763584,4.5535376142480783e-10,0.09416031020738592,7.526532896799765e-06,0.7022456557065795,0.6975741543333157,528.1753661903103,0.27996546731455735,0.3284561060590643,20045.382068506617,1.8845608908881204,100.0
6866.488450042998,3.310713629217501e-05,3.555664618744714,5.824528159827379e-08,0.004845578290238132,0.002406458978904878,4.599674156191747e-10,0.09394271119400684,7.433809690243684e-06,0.7245867588696995,0.7197411885759015,542.4009628367917,0.28886707625105723,0.3408959134190806,19940.010178251574,1.885592607973213,100.0
7346.938775510203,3.574460039696538e-05,3.473184729538384,5.811311868070447e-08,0.005173421770080378,0.002569082708169829,4.68795659517928e-10,0.09353288101954292,7.261978881675059e-06,0.7659907114365166,0.7608172970462226,568.3400985944603,0.30536305409232317,0.36436594989425997,19743.430301619355,1.8876437453931416,100.0
8081.632653061224,3.986568372989237e-05,3.351062216629405,5.79114123580862e-08,0.005671987310423185,0.0028163381839410315,4.825768151636634e-10,0.09290963265248481,7.007557365547992e-06,0.8273013783406414,0.821629397472593,605.735378083534,0.329787556674119,0.4001605372653678,19449.127469750558,1.8910342216140623,100.0
8286.427728546843,4.1033650487420674e-05,3.3178605041578533,5.785527124403037e-08,0.005810368454261805,0.0028849543883044315,4.864796873872088e-10,0.09273664423555686,6.9383865847208055e-06,0.8439714598637813,0.8381610975917855,615.6930207097861,0.33642789916842936,0.4101177636961615,19368.422404507295,1.892033473271413,100.0
8816.326530612245,4.409517480645347e-05,3.2336047808284993,5.771017757249346e-08,0.006167228501336262,0.0030618792603942803,4.9670408089815e-10,0.09229053724761692,6.762851128499067e-06,0.8862778396550315,0.8801106166653456,640.5603673177102,0.35327904383430014,0.43584036628315836,19162.24060363357,1.894727401581539,100.0
9551.020408163266,4.843545895766722e-05,3.120620878801014,5.75094084081081e-08,0.0066591673721053575,0.003305715868441578,5.111843785266964e-10,0.09167556713216315,6.527461277745276e-06,0.9430158782611241,0.936356715476589,672.9993884273449,0.3758758242397972,0.47140593079479687,18882.544546517824,1.8987185562231728,100.0
10000.0,5.114343459685788e-05,3.0536986167075764,5.738694280581031e-08,0.006958180382520333,0.0034538922661006733,5.2021023794855e-10,0.09130177108970527,6.388034143777536e-06,0.9766265858073488,0.969668409450936,691.7220925799816,0.3892602766584847,0.4930843952789082,18715.065392927136,1.9013017472838036,100.0
10285.714285714284,5.2888963034958134e-05,3.0119273864600435,5.7309098900688526e-08,0.007147825799099984,0.003547857847339207,5.260247122621598e-10,0.0910646948175394,6.301006453599322e-06,0.9976070673312578,0.99045924520225,703.2226674267545,0.3976145227079913,0.5068577108680525,18609.82150699504,1.9030020303861208,100.0
11020.408163265305,5.745815537752583e-05,2.9073490275033564,5.71092430303867e-08,0.007633225506434314,0.003788314945065751,5.412321831239152e-10,0.09045789299848842,6.083121639391745e-06,1.050139056061135,1.0425058333138744,731.3885744453969,0.4185301944993287,0.5421962335638882,18343.862515913464,1.907574139549542,100.0
11755.102040816326,6.214554678280611e-05,2.8067182208771784,5.690983472089029e-08,0.008115388066698084,0.004027096818642039,5.568139882136662e-10,0.08985513455161646,5.873457843813128e-06,1.1006956459384545,1.0925802597265288,757.6433519575951,0.4386563558245643,0.577422004533118,18084.46496869686,1.9124300644207026,100.0
12489.795918367347,6.695369095951035e-05,2.7098746319928546,5.671086783596473e-08,0.008594334901700845,0.004264213034478095,5.727774264359745e-10,0.08925639253421139,5.671681166319135e-06,1.1493570151354189,1.1407626811905653,782.1225242126411,0.4580250736014291,0.612535539869825,17831.433358325983,1.9175651219896526,100.0
13224.489795918367,7.188518529135666e-05,2.616664925439704,5.6512336162782293e-08,0.009070087283062451,0.004499673068580822,5.891299292164253e-10,0.08866164018313655,5.477472282145607e-06,1.1961998421528623,1.187129754935157,804.9514000441263,0.4766670149120592,0.6475373347451702,17584.578337116935,1.9229741132265958,100.0
13959.183673469386,7.694267122179937e-05,2.526942361064217,5.6314233435455173e-08,0.009542666332974282,0.004733486307004804,6.058790134102532e-10,0.08807085091355119,5.290525601153524e-06,1.2412975077814503,1.2317548406287366,826.2461573938617,0.49461152778715656,0.6824278935227573,17343.717201420604,1.9286519987810424,100.0
14693.877551020407,8.21288348597704e-05,2.440566529020275,5.6116553343596564e-08,0.010012093024782441,0.004965662046138547,6.230322628388021e-10,0.08748399831780945,5.110548716074212e-06,1.2847202275771392,1.2747081328538743,846.114424660995,0.511886694195945,0.7172077160548259,17108.67335066873,1.9345936603274991,100.0
15428.571428571428,8.744640711339202e-05,2.357403050407109,5.591928959210059e-08,0.010478388183670627,0.005196209493284482,6.405972112063623e-10,0.08690105616422515,4.937261779116494e-06,1.3265352015428498,1.3160568107882669,864.6559561136172,0.5285193899185783,0.7518773016536592,16879.276149147372,1.9407939540758021,100.0
16163.265306122448,9.289816422530885e-05,2.2773232669435917,5.5722435861081304e-08,0.010941572487310983,0.005425137766993551,6.585814184504933e-10,0.08632199839591209,4.77039685569202e-06,1.3668067692919683,1.3558651933675891,881.9633845827925,0.5445353466112817,0.7864371648788173,16655.360924754757,1.947248006646533,100.0
16897.95918367347,9.848692741896147e-05,2.200204037324172,5.552598579864406e-08,0.011401666466466221,0.005652455897884663,6.769924844044598e-10,0.08574679912960452,4.6096975003219826e-06,1.4055965118708948,1.3941948411074379,898.1225310479698,0.5599591925351656,0.8208878121320512,16436.76837345162,1.953950756660239,100.0
17632.65306122449,0.00010421556476533468,2.125927458320525,5.532993282513749e-08,0.011858690505547135,0.005878172828350092,6.958384255269948e-10,0.08517543265451008,4.454918175732213e-06,1.442963391208785,1.4311046955525195,913.213041578734,0.574814508335895,0.855229754300378,16223.344557572254,1.9608972091637713,100.0
18367.34693877551,0.00011008699181625422,2.054380630044034,5.513427011411277e-08,0.01231266484319504,0.006102297412884608,7.151277102935483e-10,0.08460787343113857,4.305823764001766e-06,1.4789638674868464,1.466651196645361,927.3088297966492,0.5891238739911933,0.8894635064872239,16014.940690446445,1.9680823855752994,100.0
19102.04081632653,0.00011610417736794726,1.9854554607499961,5.493899043422235e-08,0.012763609572559904,0.006324838415946308,7.348695578748573e-10,0.08404409609019974,4.162189159987844e-06,1.5136519967365767,1.500888380324272,940.4784085149279,0.6029089078500007,0.923589573355417,15811.41278685347,1.9755011583002613,100.0
19836.734693877548,0.0001222701421174481,1.9190484112080912,5.4744086569078455e-08,0.013211544641964622,0.0065458045132338405,7.550731252973716e-10,0.08348407543143163,4.0237987391861136e-06,1.5470795586551291,1.5338680063380454,952.7854244653056,0.6161903177583817,0.9576084684166359,15612.621710942927,1.9831484937123858,100.0
20571.42857142857,0.00012858796270861237,1.8550603134469499,5.454955166899089e-08,0.013656489855214587,0.006765204290384673,7.757468198734782e-10,0.08292778642250564,3.890445980441432e-06,1.5792961472333706,1.565639648873704,964.2889485945332,0.62898793731061,0.9915207029156962,15418.432873598944,1.9910193237420175,100.0
21306.12244897959,0.00013506075343416418,1.7933961760995585,5.4355380492665776e-08,0.014098464872889231,0.006983046252381921,7.968959131196495e-10,0.08237520419789776,3.761933061199382e-06,1.610349268084028,1.5962507938833574,975.043819144259,0.6413207647800883,1.0253267851077907,15228.716062076266,1.9991085613232826,100.0
22040.81632653061,0.00014169166520936838,1.7339649790729854,5.4161568423335136e-08,0.014537489212975936,0.007199338824646488,8.185244414146022e-10,0.08182630405776807,3.6380704294132493e-06,1.6402844411073556,1.6257469417492347,985.1010112077504,0.6532070041854029,1.0590272308927466,15043.345374866365,2.007411196404354,100.0
22775.51020408163,0.0001484838558223615,1.6766795282134368,5.3968111485596964e-08,0.014973582252646757,0.007414090367894247,8.406351970867377e-10,0.08128106146687236,3.5186765008915273e-06,1.6691452731596481,1.6541716799504194,994.5078302074843,0.6646640943573127,1.0926225461173373,14862.198906963591,2.0159221449627793,100.0
23510.20408163265,0.00015544052593706285,1.6214562275196045,5.3775005239622115e-08,0.015406763227241382,0.00762730916154825,8.632318197380459e-10,0.08073945205343003,3.4035771843788488e-06,1.6969735719462937,1.6815667969569226,1003.3083531781035,0.6757087544960791,1.126113261087444,14685.158885359206,2.0246365336796766,100.0
24244.897959183672,0.00016256490863951007,1.5682150085405415,5.358223877826444e-08,0.01583705123126028,0.00783900340929149,8.863303875826836e-10,0.08020145160809258,3.292605731525747e-06,1.7238093813234077,1.7079723175303245,1011.5434051746469,0.6863569982918917,1.1594998771126426,14512.11111690147,2.033549265927217,100.0
24979.591836734693,0.00016986031023021503,1.5168790505667817,5.338979992870909e-08,0.01626446521675802,0.008049181220417107,9.099493695765834e-10,0.0796670360827677,3.1856021567853895e-06,1.7496911212017598,1.7334266426293072,1019.2511527050451,0.6966241898866437,1.192782944602369,14342.945415092774,2.042655610544936,100.0
25714.285714285714,0.00017733034298828468,1.467374782668365,5.319766198214151e-08,0.016689023982649816,0.00825785049955192,9.341351120188172e-10,0.07913618158966314,3.082413235023258e-06,1.774655586522413,1.7579665483959925,1026.4668937500205,0.7065250434663269,1.2259629703266923,14177.554899665118,2.051950525327143,100.0
26448.979591836734,0.00018497881406381698,1.4196316460401068,5.30057976948171e-08,0.017110746179554378,0.008465019000714306,9.58934839864971e-10,0.07860886440013795,2.9828920135995854e-06,1.798738066086758,1.781627304981127,1033.2235299224412,0.7160736707919787,1.2590404786691272,14015.83624776297,2.0614291083642873,100.0
27183.673469387755,0.0001928098430917742,1.3735820044206486,5.28142125691446e-08,0.017529650304416743,0.00867069427203101,9.84332592011081e-10,0.07808506094367772,2.8868976424563013e-06,1.8219723873443927,1.804442721337322,1039.5516237351173,0.7252835991158703,1.2920159829520987,13857.689419887618,2.071086401768061,100.0
27918.367346938772,0.00020082579756402238,1.329160990075256,5.2623068175514117e-08,0.01794575480437518,0.008874884637042217,1.0100130179039182e-09,0.0775647478068095,2.794295115039019e-06,1.8443909934538154,1.8264452221758194,1045.4796343515634,0.7341678019849488,1.3248900037901432,13703.017088075821,2.0809175867866054,100.0
28653.061224489793,0.00020903067754996678,1.2863064111632583,5.243212615709169e-08,0.018359077907023562,0.009077597586753063,1.036428213313164e-09,0.07704790173335375,2.7049547973943923e-06,1.8660249895139354,1.8476658943680149,1051.0340432406863,0.7427387177673483,1.357663048154252,13551.725377693716,2.090917820167545,100.0
29387.755102040814,0.00021742826600020158,1.2449586070614267,5.224148857684245e-08,0.01876963771223554,0.009278840661197784,1.063377901373134e-09,0.07653449962156392,2.6187524970459174e-06,1.886904214948444,1.868134559237638,1056.2395091476087,0.7510082785877147,1.390335630410354,13403.7233330505,2.10108230736722,100.0
30122.448979591834,0.00022602227042215576,1.2050605202579485,5.2051120967409146e-08,0.019177452179943565,0.009478621375673908,1.0909221648774468e-09,0.0760245185351521,2.5355693742441043e-06,1.9070572075526444,1.8878797366200388,1061.118875071749,0.7589878959484103,1.4229081224722238,13258.922225774644,2.1114062523737376,100.0
30857.142857142855,0.00023481654442493886,1.1665571686366478,5.1861021477045264e-08,0.019582539138836976,0.009676947128469464,1.1190593189384906e-09,0.07551793567482401,2.4552909275676982e-06,1.9265114673562374,1.906928908716193,1065.6935807798118,0.7666885662726705,1.4553810924658428,13117.237004657802,2.1218849587683994,100.0
31591.836734693876,0.0002438149469963608,1.1293957713888298,5.167118722165722e-08,0.019984916283981653,0.009873825261969608,1.1477896038666811e-09,0.07501472839131626,2.3778072393116425e-06,1.9452933936660803,1.9253084571378563,1069.9836178428566,0.774120845722234,1.4877551383063186,12978.585321596893,2.1325137793759654,100.0
32326.530612244896,0.0002530214139138685,1.093525616462788,5.1481603688679476e-08,0.020384601174765034,0.010069263031309814,1.1771350810598313e-09,0.07451487418122674,2.3030126941520313e-06,1.9634283513405422,1.943043729183981,1074.0076534264767,0.7812948767074424,1.5200309254532827,12842.887571202833,2.143288114619704,100.0
33061.22448979592,0.000262439962122457,1.0588980939820987,5.129226329939077e-08,0.02078161122712797,0.010263267599974901,1.2071046644107452e-09,0.07401835069464494,2.2308060580210323e-06,1.9809406540764387,1.9601590211354099,1077.7830470050735,0.7882203812035803,1.5522090789794667,12710.066388082061,2.154203391777378,100.0
33795.91836734694,0.0002720746654327615,1.0254664176960147,5.1103160460840705e-08,0.021175963726708855,0.010455846056235165,1.2377034660888356e-09,0.07352513572157762,2.161089895552078e-06,1.9978537036906971,1.976677717523398,1081.326069754436,0.7949067164607971,1.5842903616891375,12580.047177530467,2.165255118117899,100.0
34530.61224489796,0.00028192966484922287,0.9931862211964594,5.091428650833205e-08,0.021567675787077953,0.01064700539250902,1.2689423241329537e-09,0.07303520723739128,2.0937718091755856e-06,2.0141896919903552,1.992621993041382,1084.6515372330484,0.8013627557607081,1.6162750110193576,12452.755911948203,2.1764387165271,100.0
35265.30612244898,0.00029200914456837314,0.9620148090799678,5.072563270822614e-08,0.02195676439076794,0.010836752533079787,1.3008321226371453e-09,0.07254854335752461,2.0287628811618467e-06,2.0299699752128855,2.008013186944271,1087.7733330812998,0.8075970381840065,1.6481633468149974,12328.12122292278,2.187749688753885,100.0
36000.0,0.00030231736278184496,0.9319109828905024,5.053719113990195e-08,0.022343246394136262,0.011025094323359765,1.3333820284075619e-09,0.07206512232861831,1.9659773115871724e-06,2.045215161057402,2.0228718900747893,1090.7045386401883,0.8136178034218995,1.6799558932122618,12206.074583706248,2.199183631665408,100.0
