M + R -> Pn; 22000,,,,,,,,,,,,,,,,,,,,,,,,,,,
M + Pn -> Pn; 22000,,,,,,,,,,,,,,,,,,,,,,,,,,,
2 R -> 2 D; 2.5e+09,,,,,,,,,,,,,,,,,,,,,,,,,,,
Pn + R -> D + PnD; 1e+08,,,,,,,,,,,,,,,,,,,,,,,,,,,
2 Pn -> 2 PnD; 1e+07,,,,,,,,,,,,,,,,,,,,,,,,,,,
2 Pn -> PnDPn; 1e+08,,,,,,,,,,,,,,,,,,,,,,,,,,,
CuI + RX -> CuII + R; 6,,,,,,,,,,,,,,,,,,,,,,,,,,,
CuII + R -> CuI + RX; 1e+08,,,,,,,,,,,,,,,,,,,,,,,,,,,
CuI + PnX -> CuII + Pn; 6,,,,,,,,,,,,,,,,,,,,,,,,,,,
CuII + Pn -> CuI + PnX; 1e+08,,,,,,,,,,,,,,,,,,,,,,,,,,,
D:,dy_0/dt = 100000000.0*y_2*y_5 + 5000000000.0*y_5**2,,,,,,,,,,,,,,,,,,,,,,,,,,
M:,dy_1/dt = -22000*y_1*y_2 - 22000*y_1*y_5,,,,,,,,,,,,,,,,,,,,,,,,,,
Pn:,dy_2/dt = 22000*y_1*y_5 - 220000000.0*y_2**2 - 100000000.0*y_2*y_5 - 100000000.0*y_2*y_7 + 6*y_6*y_8,,,,,,,,,,,,,,,,,,,,,,,,,,
PnD:,dy_3/dt = 20000000.0*y_2**2 + 100000000.0*y_2*y_5,,,,,,,,,,,,,,,,,,,,,,,,,,
PnDPn:,dy_4/dt = 100000000.0*y_2**2,,,,,,,,,,,,,,,,,,,,,,,,,,
R:,dy_5/dt = -22000*y_1*y_5 - 100000000.0*y_2*y_5 - 5000000000.0*y_5**2 - 100000000.0*y_5*y_7 + 6*y_6*y_9,,,,,,,,,,,,,,,,,,,,,,,,,,
CuI:,dy_6/dt = 100000000.0*y_2*y_7 + 100000000.0*y_5*y_7 - 6*y_6*y_8 - 6*y_6*y_9,,,,,,,,,,,,,,,,,,,,,,,,,,
CuII:,dy_7/dt = -100000000.0*y_2*y_7 - 100000000.0*y_5*y_7 + 6*y_6*y_8 + 6*y_6*y_9,,,,,,,,,,,,,,,,,,,,,,,,,,
PnX:,dy_8/dt = 100000000.0*y_2*y_7 - 6*y_6*y_8,,,,,,,,,,,,,,,,,,,,,,,,,,
RX:,dy_9/dt = 100000000.0*y_5*y_7 - 6*y_6*y_9,,,,,,,,,,,,,,,,,,,,,,,,,,
M1_Pn:,dy_10/dt = 22000*y_1*y_2 + 22000*y_1*y_5 - 220000000.0*y_10*y_2 - 100000000.0*y_10*y_5 - 100000000.0*y_10*y_7 + 6*y_14*y_6,,,,,,,,,,,,,,,,,,,,,,,,,,
M1_PnD:,dy_11/dt = 20000000.0*y_10*y_2 + 100000000.0*y_10*y_5,,,,,,,,,,,,,,,,,,,,,,,,,,
M1_PnDPn:,dy_12/dt = 200000000.0*y_10*y_2,,,,,,,,,,,,,,,,,,,,,,,,,,
M2_total:,dy_13/dt = 44000*y_1*y_10 + 22000*y_1*y_2 + 22000*y_1*y_5 + 200000000.0*y_10**2,,,,,,,,,,,,,,,,,,,,,,,,,,
M1_PnX:,dy_14/dt = 100000000.0*y_10*y_7 - 6*y_14*y_6,,,,,,,,,,,,,,,,,,,,,Conservation,,,,,
time (s),D,M,Pn,PnD,PnDPn,R,CuI,CuII,PnX,RX,M1_Pn,M1_PnD,M1_PnDPn,M2_total,M1_PnX,conversion,ln([M]0/[M]),Mn,Mw/Mn,Tmol% (%),,Cu,M,X,radical,slope,"Mn,th"
0,0,5.5,0,0,0,0,0.00275,0.00275,0,0.0275,0,0,0,0,0,0,0,0,1,0,,0.0055,5.5,0.03575,0,,0
1,6.59E-09,5.499800358,5.10E-10,6.31E-11,2.57E-11,1.14E-09,0.002749992,0.002750008,0.000138292,0.0273617,7.38E-10,9.11E-11,7.42E-11,0.000376772,0.000199641,3.63E-05,3.63E-05,124.2814542,1.307293873,2.44E-05,,0.0055,5.5,0.03575,1.64997E-09,,0.62498816
1.206792641,7.94E-09,5.499759074,5.11E-10,7.62E-11,3.11E-11,1.14E-09,0.00274999,0.00275001,0.000166802,0.027333188,7.40E-10,1.10E-10,8.98E-11,0.000455045,0.000240925,4.38E-05,4.38E-05,124.3460673,1.307651886,2.94E-05,,0.0055,5.5,0.03575,1.64996E-09,,0.754228363
1.456348478,9.57E-09,5.499709254,5.13E-10,9.20E-11,3.76E-11,1.14E-09,0.002749989,0.002750011,0.000201169,0.02729882,7.43E-10,1.33E-10,1.09E-10,0.000549668,0.000290745,5.29E-05,5.29E-05,124.4240624,1.308083069,3.54E-05,,0.0055,5.5,0.03575,1.64996E-09,,0.910193022
1.757510625,1.15E-08,5.499649132,5.14E-10,1.11E-10,4.56E-11,1.14E-09,0.002749987,0.002750013,0.000242584,0.027257403,7.47E-10,1.61E-10,1.32E-10,0.000664097,0.000350867,6.38E-05,6.38E-05,124.5182213,1.308602194,4.27E-05,,0.0055,5.5,0.03575,1.64996E-09,,1.098407888
2.120950888,1.39E-08,5.499576578,5.16E-10,1.34E-10,5.52E-11,1.13E-09,0.002749984,0.002750016,0.00029248,0.027207505,7.51E-10,1.95E-10,1.60E-10,0.000802536,0.000423421,7.70E-05,7.70E-05,124.6319068,1.309226923,5.14E-05,,0.0055,5.5,0.03575,1.64996E-09,,1.325541092
2.559547923,1.67E-08,5.499489022,5.19E-10,1.62E-10,6.70E-11,1.13E-09,0.002749981,0.002750019,0.000352571,0.02714741,7.57E-10,2.35E-10,1.94E-10,0.00097011,0.000510977,9.29E-05,9.29E-05,124.7691869,1.309978314,6.19E-05,,0.0055,5.5,0.03575,1.64995E-09,,1.599639242
3.088843596,2.01E-08,5.499383362,5.22E-10,1.96E-10,8.13E-11,1.13E-09,0.002749978,0.002750022,0.000424911,0.027075067,7.63E-10,2.85E-10,2.36E-10,0.001173072,0.000616636,0.000112116,0.000112122,124.9349822,1.31088144,7.46E-05,,0.0055,5.5,0.03575,1.64995E-09,,1.93041228
3.72759372,2.42E-08,5.499255856,5.25E-10,2.38E-10,9.88E-11,1.12E-09,0.002749974,0.002750026,0.000511952,0.026988022,7.71E-10,3.45E-10,2.87E-10,0.001419079,0.000744143,0.000135299,0.000135308,125.1352506,1.31196604,8.97E-05,,0.0055,5.5,0.03575,1.64994E-09,,2.329577154
4.498432669,2.91E-08,5.499101986,5.30E-10,2.88E-10,1.20E-10,1.12E-09,0.002749969,0.002750031,0.000616618,0.02688335,7.80E-10,4.19E-10,3.50E-10,0.00171752,0.000898012,0.000163275,0.000163289,125.3772083,1.313267277,0.000107864,,0.0055,5.5,0.03575,1.64994E-09,,2.811272424
5.428675439,3.50E-08,5.498916304,5.35E-10,3.48E-10,1.47E-10,1.11E-09,0.002749963,0.002750037,0.000742385,0.026757578,7.91E-10,5.08E-10,4.28E-10,0.002079952,0.001083694,0.000197036,0.000197055,125.669606,1.314826495,0.0001296,,0.0055,5.5,0.03575,1.64993E-09,3.62989E-05,3.392558415
6.551285569,4.20E-08,5.498692234,5.41E-10,4.22E-10,1.79E-10,1.11E-09,0.002749956,0.002750044,0.000893372,0.026606584,8.04E-10,6.17E-10,5.24E-10,0.002520644,0.001307764,0.000237776,0.000237804,126.023059,1.316692095,0.000155578,,0.0055,5.5,0.03575,1.64992E-09,3.62987E-05,4.094020516
7.906043211,5.04E-08,5.498421842,5.49E-10,5.11E-10,2.19E-10,1.10E-09,0.002749947,0.002750053,0.001074441,0.026425506,8.20E-10,7.51E-10,6.44E-10,0.003057292,0.001578156,0.000286938,0.000286979,126.4504587,1.318920321,0.000186563,,0.0055,5.5,0.03575,1.64991E-09,3.62986E-05,4.94049683
9.540954763,6.03E-08,5.498095554,5.58E-10,6.21E-10,2.69E-10,1.09E-09,0.002749937,0.002750063,0.001291304,0.026208633,8.40E-10,9.15E-10,7.95E-10,0.003711937,0.001904444,0.000346263,0.000346323,126.9674887,1.321575871,0.00022343,,0.0055,5.5,0.03575,1.6499E-09,3.62984E-05,5.96195571
11.51395399,7.21E-08,5.497701821,5.69E-10,7.54E-10,3.32E-10,1.08E-09,0.002749925,0.002750075,0.001550631,0.025949294,8.64E-10,1.12E-09,9.84E-10,0.004512186,0.002298176,0.000417851,0.000417938,127.5932569,1.324732302,0.000267171,,0.0055,5.5,0.03575,1.64988E-09,3.62983E-05,7.194553903
13.89495494,8.60E-08,5.497226709,5.81E-10,9.17E-10,4.11E-10,1.07E-09,0.002749911,0.002750089,0.001860151,0.02563976,8.92E-10,1.36E-09,1.22E-09,0.00549281,0.002773287,0.000504235,0.000504362,128.3510812,1.328472011,0.000318885,,0.0055,5.5,0.03575,1.64987E-09,3.6298E-05,8.681912285
16.76832937,1.02E-07,5.49665341,5.97E-10,1.12E-09,5.11E-10,1.05E-09,0.002749894,0.002750106,0.002228737,0.025271157,9.26E-10,1.67E-09,1.53E-09,0.0066979,0.003346586,0.000608471,0.000608656,129.2694825,1.332885374,0.000379771,,0.0055,5.5,0.03575,1.64985E-09,3.62978E-05,10.47665362
20.23589648,1.21E-07,5.495961644,6.15E-10,1.36E-09,6.38E-10,1.03E-09,0.002749874,0.002750126,0.002666456,0.024833418,9.68E-10,2.06E-09,1.93E-09,0.008183756,0.004038351,0.000734246,0.000734516,130.3834275,1.338068772,0.000451095,,0.0055,5.5,0.03575,1.64982E-09,3.62974E-05,12.64225575
24.42053095,1.44E-07,5.495126956,6.36E-10,1.66E-09,8.02E-10,1.01E-09,0.002749851,0.002750149,0.003184552,0.024315299,1.02E-09,2.53E-09,2.45E-09,0.010022823,0.004873038,0.000886008,0.000886401,131.7359139,1.344120802,0.000534147,,0.0055,5.5,0.03575,1.64979E-09,3.6297E-05,15.25528431
29.47051703,1.69E-07,5.494119848,6.62E-10,2.03E-09,1.01E-09,9.88E-10,0.002749825,0.002750175,0.003795335,0.02370449,1.08E-09,3.13E-09,3.14E-09,0.012309079,0.005880144,0.001069118,0.00106969,133.3799931,1.351135961,0.000630159,,0.0055,5.5,0.03575,1.64976E-09,3.62966E-05,18.40808176
35.56480306,1.98E-07,5.492904749,6.92E-10,2.49E-09,1.29E-09,9.58E-10,0.002749795,0.002750205,0.004511917,0.022987878,1.15E-09,3.88E-09,4.06E-09,0.015165463,0.007095242,0.001290046,0.001290878,135.3813767,1.359194841,0.000740201,,0.0055,5.5,0.03575,1.64972E-09,3.62961E-05,22.21200493
42.9193426,2.32E-07,5.49143877,7.26E-10,3.05E-09,1.66E-09,9.23E-10,0.00274976,0.00275024,0.005347742,0.022152018,1.24E-09,4.83E-09,5.30E-09,0.0187542,0.008561219,0.001556587,0.0015578,137.8218199,1.368349665,0.00086504,,0.0055,5.5,0.03575,1.64968E-09,3.62955E-05,26.80132085
51.79474679,2.68E-07,5.489670205,7.67E-10,3.75E-09,2.16E-09,8.83E-10,0.002749722,0.002750278,0.006315829,0.021183893,1.34E-09,6.04E-09,7.01E-09,0.023291213,0.010329781,0.001878145,0.00187991,140.8035356,1.37860407,0.001004957,,0.0055,5.5,0.03575,1.64963E-09,3.62948E-05,32.33789252
62.50551925,3.09E-07,5.487536737,8.13E-10,4.61E-09,2.83E-09,8.37E-10,0.002749679,0.002750321,0.00742765,0.02007203,1.47E-09,7.57E-09,9.40E-09,0.029066371,0.012463244,0.002266048,0.002268619,144.4549939,1.389886107,0.001159548,,0.0055,5.5,0.03575,1.64958E-09,3.6294E-05,39.01681067
75.43120063,3.52E-07,5.484963273,8.65E-10,5.67E-09,3.74E-09,7.84E-10,0.002749633,0.002750367,0.008691568,0.018808065,1.63E-09,9.53E-09,1.28E-08,0.036472053,0.015036703,0.00273395,0.002737694,148.93863,1.402013675,0.001327532,,0.0055,5.5,0.03575,1.64953E-09,3.62931E-05,47.07315733
91.0298178,3.97E-07,5.481859353,9.24E-10,6.98E-09,4.99E-09,7.25E-10,0.002749584,0.002750416,0.010110809,0.017388775,1.81E-09,1.20E-08,1.76E-08,0.046043597,0.018140616,0.003298299,0.003303751,154.4610607,1.414653772,0.001506605,,0.0055,5.5,0.03575,1.64947E-09,3.62921E-05,56.79012053
109.8541142,4.44E-07,5.478116044,9.90E-10,8.57E-09,6.72E-09,6.60E-10,0.002749533,0.002750467,0.011680987,0.015818546,2.04E-09,1.52E-08,2.45E-08,0.05851678,0.021883914,0.003978901,0.003986838,161.2866437,1.427279071,0.00169344,,0.0055,5.5,0.03575,1.6494E-09,3.62911E-05,68.50871834
132.5711366,4.89E-07,5.473602225,1.06E-09,1.05E-08,9.11E-09,5.89E-10,0.00274948,0.00275052,0.013387366,0.014112115,2.31E-09,1.93E-08,3.46E-08,0.074909699,0.026397718,0.004799595,0.00481115,169.7556481,1.439127283,0.001883885,,0.0055,5.5,0.03575,1.64934E-09,3.62899E-05,82.63943351
159.985872,5.33E-07,5.468160147,1.14E-09,1.28E-08,1.24E-08,5.13E-10,0.002749428,0.002750572,0.015202237,0.012297192,2.63E-09,2.45E-08,4.95E-08,0.096639636,0.031839777,0.005789064,0.005805886,180.30822,1.449176916,0.002073469,,0.0055,5.5,0.03575,1.64927E-09,3.62887E-05,99.6761079
193.0697729,5.71E-07,5.461600143,1.21E-09,1.56E-08,1.70E-08,4.35E-10,0.002749377,0.002750623,0.017083064,0.010416314,3.02E-09,3.11E-08,7.15E-08,0.125690111,0.038399751,0.006981792,0.007006279,193.5154718,1.456158068,0.002258275,,0.0055,5.5,0.03575,1.64921E-09,3.62874E-05,120.2124966
232.9951811,6.05E-07,5.453694353,1.29E-09,1.88E-08,2.33E-08,3.56E-10,0.002749328,0.002750672,0.018972313,0.008527015,3.50E-09,3.95E-08,1.04E-07,0.164849829,0.046305499,0.008419208,0.00845485,210.1190298,1.458619003,0.002436067,,0.0055,5.5,0.03575,1.64915E-09,3.62861E-05,144.9619319
281.1768698,6.31E-07,5.444169284,1.37E-09,2.25E-08,3.19E-08,2.80E-10,0.002749281,0.002750719,0.02080003,0.006699251,4.07E-09,5.01E-08,1.53E-07,0.218054546,0.055830509,0.010151039,0.010202912,231.0791621,1.455069945,0.002607441,,0.0055,5.5,0.03575,1.64909E-09,3.62847E-05,174.7805947
339.3221772,6.50E-07,5.432697053,1.44E-09,2.68E-08,4.34E-08,2.09E-10,0.002749235,0.002750765,0.022490093,0.005009142,4.75E-09,6.35E-08,2.25E-07,0.290875976,0.067302653,0.012236899,0.012312387,257.6286495,1.444216579,0.002776683,,0.0055,5.5,0.03575,1.64903E-09,3.62834E-05,210.6949337
367.3469388,6.56E-07,5.427176464,1.47E-09,2.88E-08,4.93E-08,1.82E-10,0.002749215,0.002750785,0.023144347,0.004354868,5.08E-09,7.02E-08,2.65E-07,0.329322463,0.072823196,0.013240643,0.013329082,270.880696,1.437223275,0.002849335,,0.0055,5.5,0.03575,1.64901E-09,3.62827E-05,227.9773907
409.4915062,6.63E-07,5.418885129,1.50E-09,3.17E-08,5.86E-08,1.48E-10,0.002749187,0.002750813,0.023970264,0.003528923,5.58E-09,8.06E-08,3.32E-07,0.391220238,0.081114453,0.014748158,0.014857994,291.3256453,1.425262381,0.002951882,,0.0055,5.5,0.03575,1.64897E-09,3.62818E-05,253.93379
494.1713361,6.71E-07,5.402264386,1.55E-09,3.72E-08,7.83E-08,9.69E-11,0.002749134,0.002750866,0.025184784,0.002314349,6.57E-09,1.02E-07,4.89E-07,0.530323906,0.097735016,0.017770112,0.017929896,334.0913989,1.398220845,0.003144163,,0.0055,5.5,0.03575,1.64891E-09,3.62804E-05,305.9657815
596.3623317,6.75E-07,5.382275328,1.59E-09,4.35E-08,1.04E-07,5.84E-11,0.002749073,0.002750927,0.026106368,0.001392705,7.77E-09,1.31E-07,7.20E-07,0.724170923,0.117723814,0.021404486,0.021636884,388.2140729,1.364127696,0.003366259,,0.0055,5.5,0.03575,1.64883E-09,3.6279E-05,368.5424371
719.685673,6.77E-07,5.358252363,1.62E-09,5.07E-08,1.35E-07,3.17E-11,0.002749,0.002751,0.026743128,0.000755872,9.21E-09,1.69E-07,1.06E-06,0.99550133,0.141746403,0.025772298,0.026110222,456.3029653,1.325029155,0.003631138,,0.0055,5.5,0.03575,1.64874E-09,3.62775E-05,443.74742
734.6938776,6.77E-07,5.355336235,1.62E-09,5.16E-08,1.39E-07,2.95E-11,0.002748991,0.002751009,0.026797203,0.000701788,9.38E-09,1.74E-07,1.10E-06,1.031288375,0.14466248,0.026302503,0.026654601,464.7505215,1.320544928,0.003663371,,0.0055,5.5,0.03575,1.64873E-09,3.62771E-05,452.8764911
868.5113738,6.78E-07,5.329406124,1.63E-09,5.91E-08,1.75E-07,1.52E-11,0.002748912,0.002751088,0.027136441,0.000362471,1.09E-08,2.21E-07,1.54E-06,1.376646347,0.170592101,0.031017068,0.031508282,541.2021282,1.283666363,0.003951383,,0.0055,5.5,0.03575,1.64863E-09,3.62755E-05,534.0518841
1048.113134,6.78E-07,5.294803968,1.64E-09,6.91E-08,2.23E-07,6.31E-12,0.002748805,0.002751195,0.027348932,0.000149873,1.30E-08,2.94E-07,2.25E-06,1.913506781,0.205193477,0.037308369,0.038022136,645.9168813,1.242902669,0.004339615,,0.0055,5.5,0.03575,1.64849E-09,3.62736E-05,642.3755044
1102.040816,6.78E-07,5.284458708,1.64E-09,7.20E-08,2.38E-07,4.85E-12,0.002748773,0.002751227,0.027383718,0.000115055,1.36E-08,3.18E-07,2.48E-06,2.090888369,0.215538477,0.039189326,0.039977899,677.6194194,1.232444098,0.004456452,,0.0055,5.5,0.03575,1.64845E-09,3.62727E-05,674.7618118
1264.855217,6.79E-07,5.253349081,1.65E-09,8.09E-08,2.82E-07,2.19E-12,0.002748676,0.002751324,0.027446769,5.19E-05,1.55E-08,3.97E-07,3.26E-06,2.671095006,0.246647244,0.044845622,0.045882299,773.6391833,1.205093789,0.004809622,,0.0055,5.5,0.03575,1.64833E-09,3.62709E-05,772.1519121
1469.387755,6.79E-07,5.214530848,1.65E-09,9.21E-08,3.37E-07,8.12E-13,0.002748554,0.002751446,0.027479366,1.92E-05,1.78E-08,5.09E-07,4.38E-06,3.493567393,0.285464241,0.051903482,0.05329897,894.3312025,1.17805147,0.00525375,,0.0055,5.5,0.03575,1.64818E-09,3.6269E-05,893.6741552
1526.417967,6.79E-07,5.203758957,1.65E-09,9.52E-08,3.53E-07,6.16E-13,0.00274852,0.00275148,0.027483967,1.46E-05,1.84E-08,5.43E-07,4.72E-06,3.741183231,0.296235758,0.053862008,0.055366852,927.9218753,1.171669285,0.005377627,,0.0055,5.5,0.03575,1.64813E-09,3.62682E-05,927.3960516
1836.734694,6.79E-07,5.145539808,1.65E-09,1.12E-07,4.37E-07,1.38E-13,0.002748334,0.002751666,0.027495079,3.25E-06,2.19E-08,7.50E-07,6.79E-06,5.225227709,0.354452632,0.064447308,0.066617809,1109.830117,1.14349417,0.006051731,,0.0055,5.5,0.03575,1.6479E-09,3.62649E-05,1109.653743
1842.069969,6.79E-07,5.144544635,1.65E-09,1.12E-07,4.38E-07,1.35E-13,0.002748331,0.002751669,0.027495158,3.17E-06,2.20E-08,7.54E-07,6.83E-06,5.252733659,0.355447763,0.064628248,0.066811233,1112.942772,1.143089356,0.006063321,,0.0055,5.5,0.03575,1.6479E-09,3.6264E-05,1112.769179
2204.081633,6.79E-07,5.077472888,1.65E-09,1.32E-07,5.37E-07,2.39E-14,0.002748115,0.002751885,0.027497553,5.62E-07,2.60E-08,1.04E-06,9.69E-06,7.272216604,0.422516358,0.076823111,0.079934418,1322.825795,1.120114133,0.00684961,,0.0055,5.5,0.03575,1.64762E-09,3.626E-05,1322.740331
2222.996483,6.79E-07,5.073992877,1.65E-09,1.33E-07,5.42E-07,2.19E-14,0.002748103,0.002751897,0.02749759,5.13E-07,2.62E-08,1.06E-06,9.85E-06,7.38590654,0.42599619,0.077455841,0.080620035,1333.718735,1.119116768,0.006890687,,0.0055,5.5,0.03575,1.64761E-09,3.62597E-05,1333.634663
2571.428571,6.79E-07,5.010317556,1.65E-09,1.52E-07,6.36E-07,4.21E-15,0.002747895,0.002752105,0.027497797,9.85E-08,3.00E-08,1.38E-06,1.31E-05,9.621313329,0.489667959,0.089033172,0.093248795,1533.051942,1.103356003,0.007647249,,0.0055,5.5,0.03575,1.64735E-09,3.62557E-05,1532.97315
2682.695795,6.79E-07,4.990154599,1.65E-09,1.58E-07,6.66E-07,2.50E-15,0.002747829,0.002752171,0.027497771,5.83E-08,3.12E-08,1.49E-06,1.42E-05,10.39050278,0.509829681,0.092699164,0.097281201,1596.17566,1.099183197,0.007888798,,0.0055,5.5,0.03575,1.64726E-09,3.62533E-05,1596.094203
2938.77551,6.79E-07,4.944061453,1.65E-09,1.72E-07,7.36E-07,7.55E-16,0.002747676,0.002752324,0.027497659,1.76E-08,3.39E-08,1.77E-06,1.69E-05,12.2597165,0.555919801,0.101079736,0.106560942,1740.481529,1.090779403,0.008444626,,0.0055,5.5,0.03575,1.64707E-09,3.62508E-05,1740.390892
3237.457543,6.79E-07,4.890844396,1.65E-09,1.88E-07,8.17E-07,1.89E-16,0.002747498,0.002752502,0.027497493,4.38E-09,3.71E-08,2.12E-06,2.04E-05,14.6096114,0.609133009,0.110755564,0.117383126,1907.093325,1.082657732,0.009092761,,0.0055,5.5,0.03575,1.64685E-09,3.6247E-05,1906.989308
3306.122449,6.79E-07,4.878692389,1.65E-09,1.92E-07,8.36E-07,1.37E-16,0.002747457,0.002752543,0.027497454,3.19E-09,3.79E-08,2.20E-06,2.13E-05,15.17503188,0.621284083,0.11296502,0.119870861,1945.139044,1.080998259,0.009241738,,0.0055,5.5,0.03575,1.6468E-09,3.62447E-05,1945.031719
3673.469388,6.79E-07,4.81419834,1.65E-09,2.12E-07,9.35E-07,2.54E-17,0.002747238,0.002752762,0.027497237,5.88E-10,4.17E-08,2.68E-06,2.61E-05,18.35526055,0.685772834,0.124691211,0.133178553,2147.05931,1.073175348,0.010038582,,0.0055,5.5,0.03575,1.64652E-09,3.62412E-05,2146.93327
3906.939937,6.79E-07,4.773657951,1.65E-09,2.24E-07,9.98E-07,8.79E-18,0.002747099,0.002752901,0.027497098,2.03E-10,4.41E-08,3.01E-06,2.94E-05,20.50885126,0.726309592,0.132062191,0.141635215,2273.985494,1.068969136,0.010544885,,0.0055,5.5,0.03575,1.64635E-09,3.62367E-05,2273.846801
4040.816327,6.79E-07,4.750567449,1.65E-09,2.32E-07,1.03E-06,4.81E-18,0.002747019,0.002752981,0.027497019,1.11E-10,4.55E-08,3.21E-06,3.14E-05,21.78878739,0.74939792,0.136260464,0.146484018,2346.278856,1.066776868,0.01083516,,0.0055,5.5,0.03575,1.64625E-09,3.62356E-05,2346.132666
4408.163265,6.79E-07,4.68778802,1.65E-09,2.52E-07,1.13E-06,9.32E-19,0.0027468,0.0027532,0.0274968,2.14E-11,4.92E-08,3.78E-06,3.71E-05,25.46436986,0.812171043,0.147674905,0.159787258,2542.834153,1.061446758,0.011631472,,0.0055,5.5,0.03575,1.64597E-09,3.62295E-05,2542.666521
4714.866363,6.79E-07,4.636016461,1.65E-09,2.68E-07,1.22E-06,2.59E-19,0.002746617,0.002753383,0.027496617,5.94E-12,5.23E-08,4.29E-06,4.22E-05,28.71069255,0.86393696,0.157087916,0.170892616,2704.926228,1.057634194,0.01229612,,0.0055,5.5,0.03575,1.64574E-09,3.62268E-05,2704.73974
4775.510204,6.79E-07,4.625848519,1.65E-09,2.71E-07,1.23E-06,2.03E-19,0.002746581,0.002753419,0.027496581,4.65E-12,5.29E-08,4.40E-06,4.33E-05,29.37112716,0.874103746,0.158936633,0.173088274,2736.761262,1.056938481,0.012427517,,0.0055,5.5,0.03575,1.6457E-09,3.62235E-05,2736.570944
5142.857143,6.79E-07,4.564737569,1.65E-09,2.91E-07,1.33E-06,4.06E-20,0.002746362,0.002753638,0.027496362,9.23E-13,5.66E-08,5.06E-06,4.99E-05,33.49852964,0.935207412,0.170047715,0.186387067,2928.095767,1.053075931,0.013223297,,0.0055,5.5,0.03575,1.64542E-09,3.62195E-05,2927.881552
5510.204082,6.79E-07,4.504443949,1.65E-09,3.11E-07,1.43E-06,1.75E-20,0.002746143,0.002753857,0.027496143,4.03E-13,6.02E-08,5.77E-06,5.70E-05,37.83638853,0.995493269,0.181010191,0.199683639,3116.872767,1.049729962,0.01401881,,0.0055,5.5,0.03575,1.64515E-09,3.62144E-05,3116.633472
5689.866029,6.79E-07,4.475249833,1.65E-09,3.21E-07,1.48E-06,1.42E-20,0.002746036,0.002753964,0.027496036,3.20E-13,6.19E-08,6.13E-06,6.06E-05,40.03159211,1.024683415,0.186318212,0.206185914,3208.278964,1.048251395,0.014407783,,0.0055,5.5,0.03575,1.64501E-09,3.62104E-05,3208.026979
5877.55102,6.79E-07,4.444956591,1.64E-09,3.31E-07,1.53E-06,6.02E-21,0.002745924,0.002754076,0.027495924,1.38E-13,6.37E-08,6.52E-06,6.44E-05,42.37484596,1.054972389,0.191826074,0.212977989,3303.126882,1.046803715,0.014814058,,0.0055,5.5,0.03575,1.64487E-09,3.62083E-05,3302.861347
6244.897959,6.79E-07,4.386264582,1.64E-09,3.51E-07,1.63E-06,3.48E-23,0.002745706,0.002754294,0.027495706,-4.04E-15,6.72E-08,7.31E-06,7.23E-05,47.10436528,1.113655696,0.202497349,0.22627012,3486.892258,1.044223121,0.01560904,,0.0055,5.5,0.03575,1.6446E-09,3.62023E-05,3486.59935
6612.244898,6.79E-07,4.328357155,1.64E-09,3.71E-07,1.73E-06,3.27E-21,0.002745487,0.002754513,0.027495487,8.56E-14,7.06E-08,8.14E-06,8.07E-05,52.01572157,1.171553961,0.213025972,0.239560032,3668.202571,1.041930569,0.016403757,,0.0055,5.5,0.03575,1.64432E-09,3.61973E-05,3667.881182
6866.48845,6.79E-07,4.288732829,1.64E-09,3.85E-07,1.80E-06,1.02E-20,0.002745336,0.002754664,0.027495336,2.68E-13,7.30E-08,8.74E-06,8.67E-05,55.51668386,1.211171681,0.220230395,0.248756781,3792.268674,1.040488248,0.016953631,,0.0055,5.5,0.03575,1.64413E-09,3.61941E-05,3791.926937
6979.591837,6.79E-07,4.271223693,1.64E-09,3.91E-07,1.83E-06,1.06E-20,0.002745269,0.002754731,0.027495269,2.49E-13,7.40E-08,9.01E-06,8.94E-05,57.09999235,1.228677808,0.223413874,0.252847727,3847.091037,1.039880575,0.017198209,,0.0055,5.5,0.03575,1.64405E-09,3.61902E-05,3846.740082
7346.938776,6.79E-07,4.214853722,1.64E-09,4.11E-07,1.93E-06,1.12E-20,0.00274505,0.00275495,0.02749505,2.61E-13,7.74E-08,9.93E-06,9.86E-05,62.34854793,1.285037718,0.23366296,0.266133205,4023.590419,1.038036735,0.017992395,,0.0055,5.5,0.03575,1.64377E-09,3.61846E-05,4023.208838
7714.285714,6.79E-07,4.159236914,1.64E-09,4.30E-07,2.03E-06,4.12E-21,0.002744832,0.002755168,0.027494832,9.48E-14,8.07E-08,1.09E-05,0.0001081,67.75304487,1.340644024,0.243775107,0.279416469,4197.733029,1.036369603,0.018786317,,0.0055,5.5,0.03575,1.6435E-09,3.61811E-05,4197.319785
8081.632653,6.79E-07,4.104363081,1.64E-09,4.50E-07,2.13E-06,-1.24E-21,0.002744614,0.002755386,0.027494614,-2.34E-14,8.39E-08,1.19E-05,0.000118038,73.30541698,1.395506922,0.253752167,0.292697518,4369.550736,1.034855091,0.019579974,,0.0055,5.5,0.03575,1.64323E-09,3.61751E-05,4369.104814
8286.427729,6.79E-07,4.074089883,1.64E-09,4.61E-07,2.18E-06,-1.86E-21,0.002744492,0.002755508,0.027494492,-4.22E-14,8.57E-08,1.24E-05,0.000123748,76.46215497,1.425773837,0.259256385,0.300100712,4464.341007,1.034069504,0.020022322,,0.0055,5.5,0.03575,1.64307E-09,3.61704E-05,4463.876435
8448.979592,6.79E-07,4.050222174,1.64E-09,4.70E-07,2.23E-06,-1.18E-21,0.002744396,0.002755604,0.027494396,-3.23E-14,8.72E-08,1.29E-05,0.000128366,78.99786638,1.449636465,0.263595968,0.305976355,4539.074974,1.033473299,0.020373367,,0.0055,5.5,0.03575,1.64295E-09,3.61676E-05,4538.595382
8816.326531,6.79E-07,3.996804285,1.64E-09,4.90E-07,2.33E-06,5.30E-22,0.002744178,0.002755822,0.027494178,5.31E-15,9.03E-08,1.40E-05,0.000139077,84.82285505,1.503042569,0.273308312,0.319252979,4706.336745,1.032207634,0.021166496,,0.0055,5.5,0.03575,1.64268E-09,3.6163E-05,4705.822514
9183.673469,6.79E-07,3.944099635,1.64E-09,5.10E-07,2.43E-06,3.77E-21,0.00274396,0.00275604,0.02749396,7.76E-14,9.35E-08,1.51E-05,0.000150166,90.77309425,1.555735017,0.282890975,0.332527393,4871.366633,1.031044116,0.02195936,,0.0055,5.5,0.03575,1.6424E-09,3.6157E-05,4870.816814
9551.020408,6.79E-07,3.892098588,1.64E-09,5.30E-07,2.52E-06,3.50E-21,0.002743742,0.002756258,0.027493742,7.74E-14,9.65E-08,1.62E-05,0.000161628,96.84155205,1.607723453,0.292345711,0.345799597,5034.194792,1.029971046,0.02275196,,0.0055,5.5,0.03575,1.64213E-09,3.6151E-05,5033.608457
9918.367347,6.79E-07,3.840791632,1.64E-09,5.49E-07,2.62E-06,4.60E-21,0.002743524,0.002756476,0.027493524,1.01E-13,9.96E-08,1.74E-05,0.000173458,103.0214265,1.659017394,0.301674249,0.359069593,5194.850969,1.028978367,0.023544297,,0.0055,5.5,0.03575,1.64186E-09,3.61459E-05,5194.227214
10000,6.79E-07,3.8294834,1.64E-09,5.54E-07,2.65E-06,4.47E-21,0.002743475,0.002756525,0.027493475,9.82E-14,1.00E-07,1.77E-05,0.000176136,104.4091971,1.670322679,0.303730291,0.362018181,5230.260341,1.028767797,0.023720336,,0.0055,5.5,0.03575,1.6418E-09,3.61443E-05,5229.628149
10285.71429,6.79E-07,3.79016939,1.64E-09,5.69E-07,2.72E-06,3.25E-21,0.002743306,0.002756694,0.027493306,6.94E-14,1.03E-07,1.86E-05,0.00018565,109.3061468,1.709626222,0.310878293,0.37233738,5353.364507,1.028057463,0.02433637,,0.0055,5.5,0.03575,1.64158E-09,3.61389E-05,5352.702445
10653.06122,6.79E-07,3.74022261,1.64E-09,5.89E-07,2.82E-06,2.41E-21,0.002743088,0.002756912,0.027493088,5.17E-14,1.06E-07,1.99E-05,0.000198199,115.6893682,1.759559195,0.319959525,0.385602961,5509.764344,1.02720092,0.02512818,,0.0055,5.5,0.03575,1.64131E-09,3.61329E-05,5509.063109
11020.40816,6.79E-07,3.690942167,1.64E-09,6.09E-07,2.92E-06,-2.90E-22,0.00274287,0.00275713,0.02749287,8.03E-15,1.08E-07,2.12E-05,0.0002111,122.1649543,1.808825443,0.328919606,0.398866337,5664.079029,1.026402236,0.025919726,,0.0055,5.5,0.03575,1.64104E-09,3.61269E-05,5663.337775
11387.7551,6.79E-07,3.642319062,1.64E-09,6.29E-07,3.02E-06,-1.56E-21,0.002742653,0.002757347,0.027492653,-1.70E-14,1.11E-07,2.25E-05,0.000224348,128.7269895,1.857433972,0.33776017,0.412127508,5816.336715,1.025655836,0.026711009,,0.0055,5.5,0.03575,1.64077E-09,3.61222E-05,5815.554615
11755.10204,6.79E-07,3.594344418,1.64E-09,6.48E-07,3.12E-06,-1.88E-21,0.002742435,0.002757565,0.027492435,-3.18E-14,1.14E-07,2.39E-05,0.000237939,135.3697554,1.905393664,0.346482833,0.425386477,5966.565173,1.024956779,0.02750203,,0.0055,5.5,0.03575,1.64049E-09,3.61179E-05,5965.74142
12122.44898,6.79E-07,3.54700948,1.64E-09,6.68E-07,3.22E-06,-1.16E-21,0.002742218,0.002757782,0.027492218,-2.39E-14,1.17E-07,2.53E-05,0.000251867,142.0877395,1.952713279,0.355089186,0.438643244,6114.791793,1.02430078,0.028292788,,0.0055,5.5,0.03575,1.64022E-09,3.61119E-05,6113.925597
12489.79592,6.79E-07,3.500305612,1.64E-09,6.88E-07,3.32E-06,1.52E-22,0.002742,0.002758,0.027492,-1.82E-15,1.20E-07,2.67E-05,0.000266127,148.875619,1.999401457,0.363580798,0.45189781,6261.043588,1.023684042,0.029083283,,0.0055,5.5,0.03575,1.63995E-09,3.61059E-05,6260.134178
12857.14286,6.79E-07,3.454224297,1.64E-09,7.08E-07,3.41E-06,6.79E-22,0.002741783,0.002758217,0.027491783,1.16E-14,1.22E-07,2.81E-05,0.000280716,155.7282596,2.045466722,0.371959219,0.465150176,6405.347205,1.023103207,0.029873516,,0.0055,5.5,0.03575,1.63968E-09,3.60999E-05,6404.393827
13224.4898,6.79E-07,3.408757135,1.64E-09,7.27E-07,3.51E-06,2.38E-21,0.002741566,0.002758434,0.027491566,4.64E-14,1.25E-07,2.96E-05,0.000295627,162.6407065,2.090917478,0.380225975,0.478400344,6547.728926,1.022555282,0.030663486,,0.0055,5.5,0.03575,1.6394E-09,3.60939E-05,6546.730844
13591.83673,6.79E-07,3.36389584,1.64E-09,7.47E-07,3.61E-06,4.28E-21,0.002741349,0.002758651,0.027491349,8.43E-14,1.28E-07,3.12E-05,0.000310858,169.6081817,2.135762018,0.388382575,0.491648314,6688.214674,1.022037606,0.031453195,,0.0055,5.5,0.03575,1.63913E-09,3.60902E-05,6687.17117
13959.18367,6.79E-07,3.319632238,1.64E-09,7.67E-07,3.71E-06,4.41E-21,0.002741132,0.002758868,0.027491132,8.89E-14,1.30E-07,3.27E-05,0.000326402,176.6260771,2.180008518,0.396430502,0.504894087,6826.830017,1.021547792,0.032242641,,0.0055,5.5,0.03575,1.63886E-09,3.60849E-05,6825.740388
14326.53061,6.79E-07,3.275958268,1.64E-09,7.87E-07,3.81E-06,2.76E-21,0.002740915,0.002759085,0.027490915,5.97E-14,1.33E-07,3.43E-05,0.000342257,183.6899505,2.223665046,0.404371224,0.518137665,6963.600174,1.021083705,0.033031827,,0.0055,5.5,0.03575,1.63859E-09,3.60789E-05,6962.463735
14693.87755,6.79E-07,3.232865979,1.64E-09,8.06E-07,3.91E-06,2.17E-21,0.002740698,0.002759302,0.027490698,5.02E-14,1.36E-07,3.59E-05,0.000358416,190.7955221,2.266739556,0.412206186,0.531379048,7098.55002,1.020643431,0.03382075,,0.0055,5.5,0.03575,1.63832E-09,3.60729E-05,7097.366103
15061.22449,6.79E-07,3.190347529,1.64E-09,8.26E-07,4.01E-06,1.30E-21,0.002740481,0.002759519,0.027490481,3.24E-14,1.38E-07,3.76E-05,0.000374877,197.9386594,2.309239898,0.419936813,0.544618238,7231.704095,1.020225202,0.034609412,,0.0055,5.5,0.03575,1.63805E-09,3.60669E-05,7230.472045
15428.57143,6.79E-07,3.14839518,1.64E-09,8.46E-07,4.11E-06,5.81E-22,0.002740264,0.002759736,0.027490264,1.26E-14,1.40E-07,3.92E-05,0.000391634,205.1153792,2.351173811,0.427564513,0.557855236,7363.086601,1.019827414,0.035397813,,0.0055,5.5,0.03575,1.63778E-09,3.60609E-05,7361.805781
15795.91837,6.79E-07,3.107001304,1.64E-09,8.65E-07,4.20E-06,-5.01E-22,0.002740047,0.002759953,0.027490047,-1.19E-14,1.43E-07,4.09E-05,0.000408684,212.321866,2.39254893,0.435090672,0.571090042,7492.721403,1.019448717,0.036185953,,0.0055,5.5,0.03575,1.6375E-09,3.6055E-05,7491.391191
16163.26531,6.79E-07,3.066158374,1.64E-09,8.85E-07,4.30E-06,-1.18E-21,0.002739831,0.002760169,0.027489831,-2.82E-14,1.45E-07,4.27E-05,0.000426022,219.5544197,2.433372786,0.442516659,0.584322658,7620.632052,1.019087757,0.036973833,,0.0055,5.5,0.03575,1.63723E-09,3.6049E-05,7619.25184
16530.61224,6.79E-07,3.025858965,1.64E-09,9.05E-07,4.40E-06,-8.90E-22,0.002739614,0.002760386,0.027489614,-2.32E-14,1.48E-07,4.44E-05,0.000443644,226.8094819,2.473652808,0.449843825,0.597553086,7746.841776,1.018743325,0.037761451,,0.0055,5.5,0.03575,1.63696E-09,3.6043E-05,7745.410971
16897.95918,6.79E-07,2.986095756,1.64E-09,9.24E-07,4.50E-06,-1.52E-23,0.002739397,0.002760603,0.027489397,-5.97E-15,1.50E-07,4.62E-05,0.000461546,234.0836382,2.513396322,0.457073499,0.610781325,7871.37348,1.018414365,0.03854881,,0.0055,5.5,0.03575,1.63669E-09,3.6037E-05,7869.891504
17265.30612,6.79E-07,2.946861526,1.64E-09,9.44E-07,4.60E-06,8.68E-22,0.002739181,0.002760819,0.027489181,1.03E-14,1.52E-07,4.80E-05,0.000479725,241.3736032,2.552610553,0.464206995,0.624007378,7994.249758,1.018099909,0.039335908,,0.0055,5.5,0.03575,1.63642E-09,3.60311E-05,7992.716046
17632.65306,6.79E-07,2.908149148,1.64E-09,9.64E-07,4.70E-06,1.92E-21,0.002738965,0.002761035,0.027488965,3.00E-14,1.55E-07,4.99E-05,0.000498176,248.6762031,2.591302632,0.471245609,0.637231245,8115.492901,1.017799017,0.040122745,,0.0055,5.5,0.03575,1.63615E-09,3.60251E-05,8113.906903
18000,6.79E-07,2.869951597,1.64E-09,9.83E-07,4.79E-06,2.83E-21,0.002738748,0.002761252,0.027488748,4.70E-14,1.57E-07,5.18E-05,0.000516895,255.9883911,2.62947959,0.478190619,0.650452928,8235.124894,1.017510846,0.040909323,,0.0055,5.5,0.03575,1.63588E-09,3.60192E-05,8233.486073
