M + R -> Pn; 663
M + Pn -> Pn; 663
2 R -> 2 D; 2e+08
Pn + R -> D + PnD; 2e+08
2 Pn -> 2 PnD; 0
2 Pn -> PnDPn; 2e+08
3 M -> 2 R; 2.25e-12
TI -> 2 R; 4.17e-05
The initiation efficiency of the thermal initiator is 0.8.
D:,dy_0/dt = 200000000.0*y_2*y_5 + 400000000.0*y_5**2
M:,dy_1/dt = -6.75e-12*y_1**3 - 663*y_1*y_2 - 663*y_1*y_5
Pn:,dy_2/dt = 663*y_1*y_5 - 400000000.0*y_2**2 - 200000000.0*y_2*y_5
PnD:,dy_3/dt = 200000000.0*y_2*y_5
PnDPn:,dy_4/dt = 200000000.0*y_2**2
R:,dy_5/dt = 4.5e-12*y_1**3 - 663*y_1*y_5 - 200000000.0*y_2*y_5 - 400000000.0*y_5**2 + 6.672e-5*y_6
TI:,dy_6/dt = -4.17e-5*y_6
M1_Pn:,dy_7/dt = 663*y_1*y_2 + 663*y_1*y_5 - 400000000.0*y_2*y_7 - 200000000.0*y_5*y_7
M1_PnD:,dy_8/dt = 200000000.0*y_5*y_7
M1_PnDPn:,dy_9/dt = 400000000.0*y_2*y_7
M2_total:,dy_10/dt = 663*y_1*y_2 + 663*y_1*y_5 + 1326*y_1*y_7 + 400000000.0*y_7**2
Tmol% does not apply to conventional radical polymerization.
time (s),D,M,Pn,PnD,PnDPn,R,TI,M1_Pn,M1_PnD,M1_PnDPn,M2_total,conversion,ln([M]0/[M]),Mn,Mw/Mn,Tmol% (%)
0.0,0.0,5.0,0.0,0.0,0.0,0.0,0.005,0.0,0.0,0.0,0.0,0.0,0.0,0.0,1.0,100.0
1.0,5.497821538406453e-10,4.999909778666947,2.885237486318442e-08,5.457328891842206e-10,1.5205350794005893e-07,1.0062439758710225e-10,0.004999791504347167,8.301627897816924e-06,1.44380233162253e-07,8.177448118625904e-05,0.07011315496910639,1.804426661067282e-05,1.8044429410300912e-05,51785.44044179605,1.5629384316488433,100.0
1.2067926406393286,6.706934075984687e-10,4.999889931142241,2.885225048734814e-08,6.658066143674109e-10,1.864826602238918e-07,1.0062392923823215e-10,0.004999748390065399,8.30174026879791e-06,1.789292006801656e-07,0.00010158717008315858,0.08721544589820311,2.201377155177653e-05,2.2014013858475338e-05,53072.377154687274,1.554961640082059,100.0
1.4563484775012439,8.166067739475518e-10,4.999865979514393,2.885210007423622e-08,8.107092677949764e-10,2.2803111245500314e-07,1.0062336351875457e-10,0.004999696360562509,8.301716512289522e-06,2.2062252064256063e-07,0.00012549691782106422,0.10785436685386407,2.6804097121413406e-05,2.6804456357595318e-05,54165.94026990616,1.54738910342782,100.0
1.7575106248547918,9.926918449785982e-10,4.999837075185065,2.8851918775649205e-08,9.855746330734045e-10,2.7817090270988164e-07,1.006226808327303e-10,0.004999633572462292,8.301668821868169e-06,2.709371654467606e-07,0.00015435072611185777,0.13276102325765915,3.258496298705893e-05,3.2585493888411634e-05,55091.41857606006,1.5404892556848755,100.0
2.120950887920191,1.2051869506471856e-09,4.999802194117528,2.8851700091543416e-08,1.1965978287832606e-09,3.386783936630661e-07,1.0062185697278054e-10,0.004999557801294994,8.301611412716008e-06,3.3165567048215546e-07,0.00018917082593466908,0.16281780924763056,3.956117649437374e-05,3.956195905833983e-05,55871.95917653227,1.5343628614664473,100.0
2.5595479226995357,1.461620007622703e-09,4.999760100578025,2.8851435032532e-08,1.4512546280493188e-09,4.1169716736010844e-07,1.006208627536351e-10,0.004999466362737019,8.30153928742728e-06,4.049290769579526e-07,0.00023119079413832735,0.19908956209562872,4.797988439495526e-05,4.7981035466353995e-05,56528.35493452071,1.529016658709242,100.0
3.088843596477481,1.771075039262914e-09,4.999709303389548,2.8851117701603772e-08,1.758566131484481e-09,4.998139056598358e-07,1.006196629247295e-10,0.004999356017585035,8.30145798645196e-06,4.933531014481702e-07,0.00028189919336948964,0.24286122657529863,5.813932209033368e-05,5.814101224632448e-05,57079.00737877185,1.524407505929746,100.0
3.72759372031494,2.144513638526618e-09,4.999648003150316,2.8850732946645768e-08,2.129418004510508e-09,6.061499468424821e-07,1.0061821499515091e-10,0.004999222857110685,8.301354928363578e-06,6.000599855974842e-07,0.00034309228993356725,0.29568337033536113,7.039936993677998e-05,7.040184808881134e-05,57540.00952322335,1.5204686432419559,100.0
4.498432668969445,2.5951628049378646e-09,4.999574028561527,2.8850269228884207e-08,2.5769456279056346e-09,7.34471725172154e-07,1.0061646764678226e-10,0.004999062164753019,8.301232836942407e-06,7.28829274829954e-07,0.00041693758128167545,0.35942701708170843,8.519428769453441e-05,8.51979169341005e-05,57925.29927675865,1.5171245151431907,100.0
5.428675439323859,3.138982825396232e-09,4.999484759613863,2.8849709406310187e-08,3.116998737654025e-09,8.893240079978743e-07,1.0061435896975338e-10,0.004998868249276127,8.301084934364853e-06,8.842215877794113e-07,0.0005060504998649115,0.4363498694802236,0.00010304807722736343,0.0001030533870452313,58246.85441407167,1.5142994029835841,100.0
6.551285568595508,3.7952315885047955e-09,4.999377034934392,2.884903378370618e-08,3.76870183088212e-09,1.0761906009433401e-06,1.0061181424689846e-10,0.004998634243521765,8.300905783905956e-06,1.0717398571332604e-06,0.0006135868933385977,0.5291761442067641,0.00012459301312155445,0.00012460077547568884,58514.90239012991,1.5119218859626873,100.0
7.906043210907698,4.587145191117817e-09,4.999247040034664,2.8848218495124713e-08,4.5551300587088265e-09,1.3016881764184422e-06,1.0060874331253447e-10,0.004998351861685665,8.300689850031047e-06,1.2980238282827734e-06,0.0007433545824245905,0.6411928818635554,0.00015059199306719507,0.00015060333317990773,58738.13062469279,1.509927032652427,100.0
9.54095476349994,5.542758697301103e-09,4.9990901725401615,2.8847234644535704e-08,5.504124300847339e-09,1.5738000201176657e-06,1.0060503735864103e-10,0.004998011106605346,8.30042933400989e-06,1.5710846268961888e-06,0.0008999478978760542,0.7763660986970375,0.00018196549196769496,0.0001819820496965262,58923.886877730365,1.5082572092402098,100.0
11.513953993264469,6.695895772885901e-09,4.998900879677389,2.884604738382652e-08,6.649273946510368e-09,1.9021578833476583e-06,1.0060056508026024e-10,0.004997599916806565,8.300114934282523e-06,1.9005875922862236e-06,0.001088909908367825,0.9394808494384846,0.0002198240645222782,0.00021984822937336774,59078.36413843721,1.5068620893442664,100.0
13.894954943731374,8.08736162159159e-09,4.998672462364293,2.8844614674377077e-08,8.03110156917404e-09,2.298381746623643e-06,1.0059516802511807e-10,0.004997103741029321,8.29973560742878e-06,2.2981932258026846e-06,0.0013169279876492448,1.136310079485179,0.00026550752714147305,0.0002655427805051335,59206.76711559024,1.505698241970965,100.0
16.768329368110074,9.766380880581383e-09,4.998396839042102,2.8842885789717442e-08,9.698490865009064e-09,2.776489377216514e-06,1.0058865498244492e-10,0.004996505025353192,8.299277956609497e-06,2.777968176343506e-06,0.0015920695702623768,1.3738181888853984,0.000320632191579584,0.00032068360507096696,59313.45990996785,1.504728511756679,100.0
20.235896477251565,1.1792330175873519e-08,4.998064261076196,2.884079951949673e-08,1.1710407211425048e-08,3.3533898449667826e-06,1.0058079521279625e-10,0.004995782595184185,8.298725665628405e-06,3.3568804768084035e-06,0.0019240662535038263,1.6604063557310254,0.0003871477847608773,0.0003872227458124303,59402.09504033067,1.503921320388512,100.0
24.42053094548651,1.4236824832103724e-08,4.997662969943697,2.883828202579699e-08,1.4137969928468055e-08,4.049477951635947e-06,1.0057131027862266e-10,0.004994910910870009,8.298059268042257e-06,4.055396045221828e-06,0.0023246560105707114,2.0062080548141776,0.0004674060112606071,0.00046751527950004464,59475.72489642784,1.5032499643485182,100.0
29.4705170255181,1.718623179552184e-08,4.9971787843053335,2.8835244226748197e-08,1.7066947804349716e-08,4.8893501566845654e-06,1.0055986418954068e-10,0.004993859171168865,8.297255210131543e-06,4.898197106184476e-06,0.002807995397596102,2.4234450611699114,0.0005642431389333069,0.0005644023839980538,59536.89777909432,1.502691951483949,100.0
35.564803062231285,2.074469430791584e-08,4.996594602856164,2.8831578660668435e-08,2.0600762831637485e-08,5.902666412242312e-06,1.0054605151175066e-10,0.004992590233999841,8.296285096136074e-06,5.915047029387293e-06,0.0033911558344982312,2.9268561198071,0.000681079428767184,0.0006813114687257355,59587.739922489294,1.5022283956639493,100.0
42.91934260128776,2.5037767440583662e-08,4.995889806760892,2.8827155705362105e-08,2.486410057527309e-08,7.125186064953235e-06,1.0052938302455797e-10,0.004991059319209224,8.295114683998944e-06,7.141829841730293e-06,0.004094720125952547,3.5342122022683,0.0008220386478216213,0.0008223767068687177,59630.02384605921,1.50184347741143,100.0
51.7947467923121,3.021679109395821e-08,4.995039540460044,2.882181902269125e-08,3.000725290987707e-08,8.600014248887124e-06,1.0050926841883272e-10,0.004989212447745463,8.293702696154045e-06,8.62180096270425e-06,0.004943500399399423,4.266936819316865,0.0009920919079911884,0.0009925843568981483,59665.22801540937,1.5015239724015412,100.0
62.505519252739695,3.646414196661371e-08,4.994013847568524,2.881538007430904e-08,3.6211333651051436e-08,1.0379099107867688e-05,1.0048499543460166e-10,0.004986984566723012,8.291999386516682e-06,1.0407089642077472e-05,0.005967400697974308,5.1508514686056595,0.0011972304862952754,0.0011979477392492282,59694.58683169793,1.5012588435786631,100.0
75.43120063354615,4.3999531684042966e-08,4.992776634308287,2.8807611522314447e-08,4.3694533115471636e-08,1.2525027555270063e-05,1.0045570469207094e-10,0.0049842973006247885,8.289944817843745e-06,1.2560500973958127e-05,0.007202451738554414,6.2170700108221,0.0014446731383426226,0.0014457176847208987,59719.131822917945,1.501038891102039,100.0
91.02981779915217,5.308755213805834e-08,4.991284427004077,2.879823929213823e-08,5.271961127773969e-08,1.511317722820948e-05,1.0042035933739302e-10,0.004981056256438156,8.287466793995517e-06,1.5157675343792517e-05,0.008692051247910991,7.5030710185849285,0.0017431145991846364,0.0017446355912034486,59739.72645184008,1.5008564543489906,100.0
109.85411419875584,6.4046714381816e-08,4.989484881885223,2.8786933031016815e-08,6.360287418971995e-08,1.8234295926388326e-05,1.0037770848864596e-10,0.004977147793460036,8.284478389883297e-06,1.828967684308073e-05,0.010488451562108267,9.053984657557685,0.0021030236229554688,0.002105238082386641,59757.09779568493,1.5007051607121797,100.0
132.57113655901082,7.726022057897866e-08,4.987315008795403,2.877329465638279e-08,7.672487148395942e-08,2.1997575950328967e-05,1.0032624311263857e-10,0.004972435173298186,8.28087500006362e-06,2.2066078304587273e-05,0.012654532819452228,10.924126768887595,0.0025369982409193526,0.0025402218743457014,59771.85919918495,1.5005797117520112,100.0
159.98587196060572,9.31888210031689e-08,4.984699047378069,2.875684461087143e-08,9.254316459394313e-08,2.653432673280254e-05,1.0026414291347831e-10,0.004966753960632825,8.276530811796451e-06,2.661864670112049e-05,0.0152659230750561,13.178834692317128,0.003060190524386286,0.003064882482043644,59784.533712079945,1.500475705402978,100.0
193.06977288832496,1.1238608014844052e-07,4.981545942267398,2.8737005397305353e-08,1.116074875138817e-07,3.200233829218189e-05,1.0018921232556371e-10,0.004959906558809909,8.27129461179404e-06,3.210572175875586e-05,0.01841351871406459,15.896651004818581,0.0036908115465204006,0.0036976393968397273,59795.57231426454,1.500389486186481,100.0
232.99518105153717,1.3551645271537928e-07,4.977746348062668,2.8713081886596043e-08,1.3457769815815354e-07,3.8591052617499276e-05,1.0009880347845498e-10,0.004951655733598621,8.264984812189816e-06,3.871740529194932e-05,0.02220647426773812,19.171916308653454,0.004450730387466351,0.004460664374581182,59805.370084530514,1.500318019859377,100.0
281.1768697974228,1.633765864731941e-07,4.973169091904127,2.868423780148533e-08,1.6224493451012303e-07,4.6527664977279374e-05,9.998972342358046e-11,0.004941716972296309,8.257383575464959e-06,4.668168366696315e-05,0.026775733691561172,23.117834877052097,0.005366181619174526,0.005380631287973522,59814.280139454924,1.500258788690144,100.0
339.3221771895326,1.969203095194178e-07,4.96765701135302,2.8649467718299527e-08,1.9555643006225762e-07,5.608429169269498e-05,9.985812272201509e-11,0.00492974950716233,8.248229901737255e-06,5.62716203883537e-05,0.032278185265321425,27.870087189053727,0.006468597729396031,0.006489609768989976,59822.627342711436,1.5002097045424818,100.0
409.49150623804235,2.3728772329617362e-07,4.961022089889199,2.8607563798630375e-08,2.3564440716512922e-07,6.758633177616648e-05,9.969936146481486e-11,0.004915345843547721,8.237211549187636e-06,6.781374662820427e-05,0.038901517673687935,33.591059980019615,0.007795582022160197,0.007826126416131951,59830.72088472079,1.5001690365483782,100.0
494.1713361323833,2.8583879672190484e-07,4.95303980969279,2.8557076412176608e-08,2.838594412272371e-07,8.142214846088743e-05,9.950784854343237e-11,0.0048980196348331825,8.223955654097207e-06,8.16977761162657e-05,0.046869857474221475,40.47476969572816,0.009392038061442065,0.009436421369327073,59838.86770279973,1.5001353505815747,100.0
596.3623316594643,3.4419170224674916e-07,4.943442663191489,2.8496267745657068e-08,3.4180853529660563e-07,9.805415566714432e-05,9.927684909933147e-11,0.004877191797507116,8.208017953020865e-06,9.838772967608875e-05,0.0564502463861869,48.7525380771372,0.011311467361702122,0.011375928570204212,59847.38550221096,1.5001074602218063,100.0
719.6856730011514,4.1426593472949493e-07,4.931912782373285,2.8423057423381763e-08,4.113979463507233e-07,0.0001180313508883226,9.899825428391232e-11,0.004852174814325874,8.188870538666176e-06,0.00011843451093098231,0.06795999935928984,58.69947006188306,0.01361744352534302,0.013711011316492307,59856.618302730254,1.500084385783466,100.0
868.511373751352,4.983298233586592e-07,4.9180737035012845,2.833495921672527e-08,4.948803771687798e-07,0.0001420032236873573,9.86623067227264e-11,0.004822155314011426,8.165888178238578e-06,0.0001424898619838277,0.0817749258581277,70.641739113369,0.016385259299743105,0.01652098227389138,59866.954080848205,1.5000653219058657,100.0
1048.1131341546852,5.990514122315096e-07,4.901481364340669,2.8229008025898883e-08,5.949055179468818e-07,0.0001707348095976055,9.825727434497219e-11,0.0047861752155451695,8.138333354811288e-06,0.00017132146784812943,0.09833831748573027,84.96462758515133,0.019703727131866168,0.019900433753578726,59878.845748286876,1.5000496138310475,100.0
1264.8552168552958,7.195507380200786e-07,4.881614518567271,2.810167653128483e-08,7.145719826614922e-07,0.00020512244944329944,9.77690650762358e-11,0.004743111988358327,8.105340337507555e-06,0.0002058287676892558,0.11817051772106017,102.1212224677074,0.02367709628654584,0.023961903317139304,59892.84491419266,1.5000367255879121,100.0
1469.3877551020407,8.322155230792687e-07,4.863022400125934,2.7982046860153e-08,8.264584095837754e-07,0.00023728906336646443,9.730895946931577e-11,0.004702829987984888,8.07446403517764e-06,0.00023810726172665976,0.13673022885710545,118.18429944804532,0.027395519974813175,0.02777777478700555,59905.96761141471,1.5000281868778516,100.0
1526.4179671752318,8.634498929670711e-07,4.857865047741975,2.794878154255242e-08,8.574770555503347e-07,0.0002462093203184032,9.718077404923077e-11,0.004691659196792199,8.065899076745656e-06,0.00024705853552883556,0.14187859433079328,122.64140611691596,0.02842699045160497,0.02883886162614628,59909.63186387451,1.5000262411385925,100.0
1842.0699693267145,1.0349152608865048e-06,4.829528790088791,2.7765380729952026e-08,1.0277586804789814e-06,0.0002951994022053613,9.647215706394525e-11,0.004630309002977046,8.018839951277021e-06,0.0002962188888246645,0.17016549656497826,147.14074034526948,0.03409424198224187,0.03468900851663466,59930.0633950535,1.5000178617056967,100.0
2222.996482526193,1.2386832694295557e-06,4.795797922128751,2.7545662101770852e-08,1.2301211040822753e-06,0.0003534677456420803,9.561902842871184e-11,0.004557339302176631,7.962821085467061e-06,0.0003546895817419592,0.2038376632377878,176.3285247255352,0.04084041557424989,0.041697810825256934,59955.23767497392,1.5000114090994294,100.0
2682.6957952797247,1.4800565497470516e-06,4.755756469421584,2.728283035049237e-08,1.4698311657900666e-06,0.00042256379753732127,9.459258501705488e-11,0.004470809553727544,7.896320851503837e-06,0.0004240253272082481,0.24380950871108797,211.01393689523528,0.04884870611568317,0.050082139832144046,59986.5797999511,1.5000068574740422,100.0
2938.7755102040815,1.6123938405605991e-06,4.733760716045613,2.7137510911907827e-08,1.6012574373352852e-06,0.0004604836655488446,9.402233714257297e-11,0.004423321889963796,7.859790170013373e-06,0.0004620766119022043,0.26576706269553546,230.0857840297652,0.05324785679087736,0.05471794844877067,60004.53957860703,1.50000537881227,100.0
3237.457542817643,1.7648522816093016e-06,4.708381077342401,2.6968997017235255e-08,1.7526671555039333e-06,0.0005042033255978071,9.335867074686147e-11,0.0043685708965203905,7.817639092048635e-06,0.000505947670129299,0.29110266034724386,252.10882044814844,0.05832378453151978,0.060093783800608175,60025.95559685211,1.500004392859321,100.0
3906.939937054613,2.099277239542122e-06,4.65254997156638,2.659508648100405e-08,2.0847949540977637e-06,0.0006002427336443408,9.187702061321094e-11,0.00424829833075484,7.724911925258826e-06,0.0006023191787562052,0.3468370240094563,300.6252024804928,0.06949000568672403,0.07202246215872157,60075.824234400454,1.5000045311717691,100.0
4408.163265306122,2.3431572261663424e-06,4.611684590582072,2.631855964613073e-08,2.327002796446708e-06,0.0006704097062524832,9.077338767219855e-11,0.0041604260885284485,7.65703918035911e-06,0.000672728337647326,0.38763172745583896,336.20197543628257,0.07766308188358569,0.08084470122496018,60114.852081924524,1.5000064533639663,100.0
4714.8663634573895,2.489696193107803e-06,4.587063817051961,2.6150775350973156e-08,2.47253837165136e-06,0.0007126277243095087,9.010055728489418e-11,0.004107555052071242,7.616146288304679e-06,0.0007150918776055241,0.41220997691308203,357.66523738511626,0.08258723658960783,0.08619778432548918,60139.441985040976,1.5000083373133166,100.0
5689.866029018293,2.942252073797103e-06,4.510683067604359,2.5624491156817982e-08,2.922002418420676e-06,0.0008433062395539094,8.797487239817357e-11,0.003943901566739644,7.489281843717248e-06,0.0008462198111008656,0.48845910587341984,424.40085081763743,0.09786338647912825,0.10298931415628543,60221.1233869794,1.5000178357861864,100.0
5877.551020408163,3.027089946624645e-06,4.4963020482720495,2.5524409261979994e-08,3.006261934014015e-06,0.0008678573835143114,8.756808246963539e-11,0.00391315522745251,7.465395223633856e-06,0.0008708552053694116,0.5028153979851389,436.9931337255915,0.1007395903455901,0.10618262054411888,60237.44867678699,1.5000202891819205,100.0
6866.488450042998,3.462290147546142e-06,4.422186761459168,2.5003505969769716e-08,3.4385021151226664e-06,0.000994094250488472,8.543811678559295e-11,0.0037550639295683996,7.342288480043153e-06,0.0009975242620286998,0.5768035469860812,502.0405879660212,0.11556264770816646,0.12280359627759303,60326.58101794965,1.5000367643878614,100.0
7346.938775510203,3.666698306231751e-06,4.38716122952233,2.475430113090543e-08,3.6415242223157033e-06,0.0010535696573460661,8.441179458018506e-11,0.0036805806549884655,7.284108962004661e-06,0.0010572026653088112,0.6117691815675244,532.8751060037721,0.12256775409553403,0.13075553926764913,60371.72572341231,1.5000470576261618,100.0
8286.427728546843,4.053538882500039e-06,4.320457562643176,2.427417421898685e-08,4.025749877116736e-06,0.0011664828471148298,8.242166890397025e-11,0.0035391756055060935,7.173307387040405e-06,0.001170500028460771,0.6783591385583817,591.781852014427,0.13590848747136483,0.14607659850840737,60463.35527527984,1.5000719481973028,100.0
8816.326530612245,4.26440624931432e-06,4.283846553120364,2.400750056541434e-08,4.235196701218911e-06,0.0012282451409643272,8.13093199975322e-11,0.003461828877572266,7.112491201125372e-06,0.0012324717385164413,0.7149079523832086,624.2243996469101,0.14323068937592714,0.15458657908945422,60516.93187536918,1.500088999540933,100.0
10000.0,4.7170150890870435e-06,4.204596730075064,2.342237678963917e-08,4.684769224930512e-06,0.0013613775590908942,7.88521420635491e-11,0.003295104347666262,6.980841839328224e-06,0.0013660536580185206,0.7940237143850905,694.748100298565,0.15908065398498722,0.17325952608730205,60641.32542242026,1.5001358337235857,100.0
10285.714285714284,4.822552473901764e-06,4.185975584080193,2.3283296270692952e-08,4.7896013021274705e-06,0.001392540604476307,7.8264901186938e-11,0.0032560784815728987,6.949907698308259e-06,0.0013973215177677347,0.8126134810521292,711.3822140051643,0.16280488318396139,0.17769812118406533,60672.294863762545,1.5001490928243357,100.0
11755.102040816326,5.34338787349526e-06,4.093195760789831,2.2580999756483327e-08,5.306972402667435e-06,0.0015470736887735735,7.528225390747112e-11,0.0030625567918702934,6.795773737467038e-06,0.0015523718790151487,0.9052377046657678,794.6585771494401,0.18136084784203382,0.20011188787557213,60837.067939485765,1.5002306464987025,100.0
13224.489795918367,5.829073898543592e-06,4.005181584797798,2.1899942385487942e-08,5.789455281351992e-06,0.0016924253438901072,7.236458756550864e-11,0.002880536864831823,6.649549469704927e-06,0.0016982059182033935,0.99310553447503,874.3358186345199,0.19896368304044038,0.22184899341653977,61010.53993084364,1.5003371405092067,100.0
14693.877551020407,6.28168199636946e-06,3.921632454008807,2.123947737212268e-08,6.2391056236147205e-06,0.0018291418328367601,6.951464166553668e-11,0.002709335011967379,6.510736322830615e-06,0.0018353719546141986,1.0765170206281045,950.6711633106098,0.21567350919823863,0.24292990297059272,61192.0271562368,1.50047217158655,100.0
16163.265306122448,6.703193640191123e-06,3.8422705948483022,2.05989789360761e-08,6.6578896077888565e-06,0.001957736725706698,6.67347050294565e-11,0.0025483083325306575,6.378873573489836e-06,0.00196438552506065,1.1557494179544257,1023.8991591456486,0.23154588103033955,0.26337441984212023,61380.87135001123,1.5006394082670755,100.0
17632.65306122449,7.095500539497751e-06,3.7668389176165302,1.9977839142051975e-08,7.047684171823157e-06,0.0020786929844313798,6.402663956420279e-11,0.0023968521334900962,6.253534790830164e-06,0.0020857314689118073,1.2310593284662292,1094.2341926210283,0.24663221647669395,0.28320174608884363,61576.44548012072,1.5008425369128549,100.0
19102.04081632653,7.4604053790293996e-06,3.695099283459908,1.937547056948967e-08,7.410277792131427e-06,0.002192464736576578,6.139191806250009e-11,0.0022543977311243668,6.134324965335539e-06,0.00219986570267184,1.302684432567974,1161.8724650335967,0.26098014330801844,0.3024304887170004,61778.151830997514,1.5010852328658624,100.0
20571.42857142857,7.799622799602378e-06,3.626830607330745,1.8791303644161194e-08,7.747371505103665e-06,0.0022994792283533004,5.883166235267047e-11,0.0021204100302831654,6.02087736314778e-06,0.002307217174014367,1.3708453840934764,1226.9941593779663,0.274633878533851,0.3210787564688664,61985.4276421256,1.5013711050809282,100.0
22040.81632653061,8.114782138097766e-06,3.561827966891735,1.822478552816889e-08,8.060581639730787e-06,0.002400138053062486,5.6346635842971284e-11,0.0019943859915736986,5.9128520485087876e-06,0.0024081890929612266,1.4357467001569237,1289.7642889738772,0.28763440662165296,0.33916402550675406,62197.72802358294,1.5017037393754842,100.0
23510.20408163265,8.407427225541517e-06,3.4999003182570387,1.7675380013981916e-08,8.35143968088943e-06,0.002494819316479387,5.3937293674678976e-11,0.001875851953409423,5.80993209754831e-06,0.0025031610971337228,1.497579043181772,1350.3354040000634,0.30001993634859225,0.35670342484229844,62414.550932305516,1.502086557888146,100.0
24979.591836734693,8.679021636431107e-06,3.440870666359193,1.7142567985414316e-08,8.62139745021209e-06,0.002583878155304538,5.160380046803616e-11,0.0017643629670441002,5.7118238808972666e-06,0.0025924897753855096,1.5565190500348318,1408.8470418689237,0.31182586672816137,0.3737133723875566,62635.39995389515,1.5025229743453143,100.0
26448.979591836734,8.930948298404922e-06,3.384573704192083,1.6625846006737413e-08,8.871826785495592e-06,0.0026676489514977576,4.9346063407587274e-11,0.0016595000589681983,5.618253150020412e-06,0.0026765108818189954,1.6127316905015157,1465.4285386049496,0.3230852591615834,0.3902099507237231,62859.81598793653,1.5030162149322508,100.0
27918.367346938772,9.164514358610533e-06,3.3308558803342034,1.6124727735496816e-08,9.10402434338381e-06,0.002746445864241369,4.716377008195989e-11,0.0015608695525660503,5.528965149844278e-06,0.002755539872552844,1.6663701992433195,1520.1986681420865,0.3338288239331593,0.40620862034463545,63087.35091931861,1.5035694525652255,100.0
29387.755102040814,9.380952375064101e-06,3.279573834730634,1.563874103388647e-08,9.319212818676085e-06,0.0028205644774978254,4.505637450749497e-11,0.001468101024860448,5.443722024614997e-06,0.002829873554500189,1.7175776383271943,1573.2674150119797,0.3440852330538732,0.4217244269152607,63317.582810438376,1.5041857017038665,100.0
30857.142857142855,9.581423646190601e-06,3.230593768205255,1.516742839860621e-08,9.518544248483579e-06,0.002890282807077139,4.302313311021196e-11,0.0013808460470840788,5.362301773078744e-06,0.0028997910957421222,1.7664875266954763,1624.7365330876319,0.353881246358949,0.43677196292833237,63550.11010165733,1.5048678373975461,100.0
32326.530612244896,9.76702122451443e-06,3.1837908459037774,1.4710343724450529e-08,9.703103000834214e-06,0.0029558621952379465,4.1063103138044514e-11,0.0012987770673089736,5.284497258066564e-06,0.002965554923117232,1.8132244358151426,1674.7001238858777,0.36324183081924455,0.45136533571015974,63784.549009532835,1.5056186207688333,100.0
33795.91836734694,9.938772294758081e-06,3.1390481043617817,1.4267054207405753e-08,9.873908154416653e-06,0.003017548674258555,3.9175190527669754e-11,0.0012215857127799068,5.210114395910193e-06,0.0030274120881756145,1.8579050812221802,1723.2457657460586,0.37219037912764363,0.4655183099507758,64020.53934331675,1.506440623965165,100.0
35265.30612244898,1.0097641739789127e-05,3.096256352514217,1.3837141441642546e-08,1.0031917018113635e-05,0.003075573432815139,3.735821514988606e-11,0.0011489822010491482,5.138971992915728e-06,0.003085594737077931,1.9006384210458616,1770.4545030983534,0.38074872949715666,0.4792441589347674,64257.73527809943,1.507336316669659,100.0
36734.69387755102,1.024453440869168e-05,3.0553131638979276,1.342020208034955e-08,1.0178027399282699e-05,0.003130154079292695,3.561088008924538e-11,0.0010806937670340406,5.070900075267089e-06,0.0031403213761770515,1.941526662520628,1816.4018831308083,0.3889373672204145,0.4925558164233006,64495.81176513119,1.5083079844842413,100.0
38204.08163265306,1.038029826037939e-05,3.0161226533899694,1.3015852239663522e-08,1.0313080712125627e-05,0.0031814952065733816,3.393183225691029e-11,0.00101646395305657,5.005739521175733e-06,0.0031917974399178965,1.9806654846804,1861.158085453468,0.39677546932200614,0.5054657955456754,64734.4591147112,1.5093577730335426,100.0
39673.469387755096,1.0505727104624028e-05,2.978594931195209,1.2623716691856003e-08,1.0437864694795824e-05,0.0032297891927895793,3.2319503893983126e-11,0.0009560516086640594,4.9433411504486e-06,0.0032402160943035135,2.0181445835584206,1904.7884418649542,0.40428101376095815,0.5179862227065986,64973.38426458058,1.5104876633772069,100.0
41142.85714285714,1.0621563554165055e-05,2.9426455158267597,1.224343368852471e-08,1.0553116340533267e-05,0.0032752171194318606,3.077224346426294e-11,0.0008992297433478183,4.883564753919167e-06,0.003285759157938134,2.0540482582770667,1947.3539875311656,0.41147089683464805,0.5301289003773801,65212.3111869585,1.5116994625850877,100.0
42612.24489795918,1.072850220271113e-05,2.908195220049758,1.187462750957978e-08,1.0659525031222409e-05,0.0033179491380593055,2.928828576680132e-11,0.0008457850644054785,4.82627889064836e-06,0.0033285974718580275,2.0884555247340177,1988.911541515506,0.4183609559900484,0.5419052229494544,65450.97747344141,1.512994865804682,100.0
44081.63265306122,1.0827191893277117e-05,2.8751695144892175,1.1516929118205639e-08,1.0757734800452983e-05,0.0033581454304337593,2.786587225310969e-11,0.000795516778456054,4.771359843451369e-06,0.0033688918619407147,2.1214407510221696,2029.5143090336583,0.4249660971021565,0.5533262783614842,65689.13610000972,1.5143754234016014,100.0
45551.02040816326,1.091823823112044e-05,2.8434984456299746,1.1169965554543375e-08,1.0848346819084807e-05,0.003395956562525726,2.6503534499275784e-11,0.0007482361461233542,4.718691477674964e-06,0.0034067934953919007,2.1530737390726036,2069.211969650756,0.4313003108740051,0.564402771309246,65926.55184752545,1.5158426395610276,100.0
47020.4081632653,1.1002204964268769e-05,2.813116147457679,1.0833414614539536e-08,1.0931920774710238e-05,0.0034315241933444924,2.519971967293938e-11,0.0007037655968918923,4.668164459128252e-06,0.0034424445909832886,2.1834202122977744,2108.0510590778736,0.43737677050846424,0.57514509424529,66163.00365801704,1.5173978665154215,100.0
48489.795918367345,1.1079616442941951e-05,2.783960595650836,1.0507005307286653e-08,1.1008977308634757e-05,0.0034649815954474516,2.3952995004103658e-11,0.0006619380768806162,4.619675846888019e-06,0.003475978942000073,2.2125420608733957,2146.0751992742894,0.44320788086983276,0.5855633239231443,66398.28316129535,1.519042348292687,100.0
49959.183673469386,1.1150960746937178e-05,2.7559731967484553,1.0190559531554175e-08,1.1080001078761033e-05,0.0034964540373395203,2.2761006686875956e-11,0.0006225965676015223,4.573128433197553e-06,0.0035075223017239313,2.240497752184406,2183.32522859954,0.44880536065030896,0.5956672847478124,66632.20085089531,1.5207769074945843,100.0
51428.57142857143,1.1216692099677596e-05,2.7290985327476007,9.88393706142955e-09,1.1145443168218291e-05,0.0035260594608281333,2.162134436033907e-11,0.0005855932387785505,4.5284302925895035e-06,0.0035371930631707825,2.2673425855421434,2219.8395571264964,0.45418029345047983,0.6054665655525888,66864.58187983514,1.522602141721161,100.0
52897.95918367347,1.1277237015907803e-05,2.703284107277294,9.58687125493755e-09,1.1205727104224007e-05,0.0035539086885397965,2.0531451765613737e-11,0.0005507891812526003,4.485494278835399e-06,0.003565102472544038,2.293128945797973,2255.6541785069644,0.45934317854454115,0.6149705425325579,67095.27075588584,1.5245181747368772,100.0
54367.34693877551,1.1332991419807762e-05,2.6784804558811928,9.2989241054628e-09,1.1261246100097974e-05,0.003580106032731967,1.9489672874527597e-11,0.0005180536515777316,4.444238185265087e-06,0.003591355235268358,2.31790619244947,2290.802975049261,0.46430390882376144,0.6241882727874423,67324.11800464478,1.526525263032094,100.0
55836.734693877544,1.1384324165288997e-05,2.6546412278120766,9.01920790784581e-09,1.1312366536026046e-05,0.00360474958116369,1.8496516492186894e-11,0.000487263710862684,4.40458474091272e-06,0.0036160498052033056,2.3417205775558085,2325.3177976459383,0.4690717544375847,0.6331283976387625,67550.97407069565,1.5286240476786512,100.0
57306.122448979586,1.1431568645328797e-05,2.631723917154964,8.746824551193278e-09,1.1359419810158247e-05,0.0036279315743933003,1.7551917228114388e-11,0.00045830376411814616,4.366463042534758e-06,0.0036392787540141303,2.3646145142416675,2359.228637111002,0.4736552165690072,0.6417987991708253,67775.66333644078,1.5308167288766648,100.0
58775.51020408163,1.1475032467267753e-05,2.609689135481581,8.480685056062717e-09,1.1402711810903079e-05,0.0036497388517888005,1.6656616196311122e-11,0.0004310649920442042,4.329807258572922e-06,0.003661129226563939,2.3866273035858936,2392.563803229808,0.4780621729036838,0.6502068033725544,67997.99886055427,1.5331063590598797,100.0
60244.89795918367,1.1515006298060337e-05,2.5884998861927686,8.221348417029122e-09,1.144253152157378e-05,0.003670253003954856,1.5803509091047895e-11,0.0004054451484937561,4.294556347605599e-06,0.0036816831028605233,2.4077958601173157,2425.3499972600443,0.4823000227614463,0.6583593990407615,68217.80171406976,1.5354959905696752,100.0
61714.28571428571,1.1551764115132996e-05,2.5681204634647,7.970376073466257e-09,1.1479151271798103e-05,0.0036895508597209977,1.4984207463065796e-11,0.00038134795309942407,4.260651909857163e-06,0.0037010174849735514,2.4281558123806937,2457.612482733694,0.48637590730706004,0.6662636182577287,68434.92420374272,1.5379875845754787,100.0
63183.67346938775,1.15855869501418e-05,2.54850723700402,7.739822970278315e-09,1.151284945673784e-05,0.0037077046320600636,1.419442422677144e-11,0.000358682874155756,4.228027664833223e-06,0.003719204870393481,2.4477507180181295,2489.3751417081385,0.490298552599196,0.6739301219289625,68649.50522519222,1.5405705650166623,100.0
64653.06122448979,1.1616664403012877e-05,2.5296173914997095,7.506911212878003e-09,1.1543814613725431e-05,0.003724782532038998,1.3452412089792557e-11,0.0003373645122256332,4.1966012379440215e-06,0.003736313647431566,2.4666233238270903,2520.660563018378,0.4940765217000581,0.681369849787119,68861.71278026627,1.5432333467695027,100.0
66122.44897959183,1.1645224185086667e-05,2.5114306805401743,7.281039839549973e-09,1.1572273563345801e-05,0.003740847704907642,1.2746441713074579e-11,0.0003173137233955789,4.166343778690726e-06,0.0037524071929894284,2.484793812684882,2551.489425230216,0.49771386389196515,0.6885853294272052,69071.1575993424,1.5459896061455152,100.0
67591.83673469388,1.1671466240479142e-05,2.4939167580396453,7.0619877141100825e-09,1.159842511000487e-05,0.003755960766312835,1.2074978505726784e-11,0.00029845456452952135,4.137204877786235e-06,0.003767546321508546,2.5022924697320366,2581.881989239576,0.5012166483920709,0.695583442621951,69277.7650330357,1.5488390915375627,100.0
69061.22448979592,1.169557321593386e-05,2.477047128264873,6.849552161279321e-09,1.1622450880608131e-05,0.0037701780864161883,1.1436567389065923e-11,0.00028071641536219996,4.109137202136591e-06,0.003781787584769833,2.519147734029407,2611.857227946448,0.5045905743470254,0.7023707357595225,69481.47134752743,1.5517814752780807,100.0
70530.61224489796,1.1717715580567865e-05,2.4607945326014713,6.643532759003251e-09,1.16445204094836e-05,0.003783553114149962,1.0829781700741506e-11,0.0002640323185600337,4.082095470302364e-06,0.0037951846012285392,2.535386810459305,2641.433247214372,0.5078410934797057,0.7089536339045721,69682.2173594556,1.554816381719658,100.0
72000.0,1.1738049621390749e-05,2.4451331824606966,6.4437316790185275e-09,1.166478914620213e-05,0.003796135845518716,1.0253230613171954e-11,0.00024833964621804526,4.05603683871258e-06,0.0038077875223230086,2.5510354373535318,2670.6271300180497,0.5109733635078607,0.7153383196367074,69879.95283594151,1.5579433503137456,100.0
