M + R -> Pn; 27254
M + Pn -> Pn; 27254
2 R -> 2 D; 2.5e+09
Pn + R -> D + PnD; 1e+08
2 Pn -> 2 PnD; 1e+07
2 Pn -> PnDPn; 1e+08
TI -> 2 R; 9.7e-06
The initiation efficiency of the thermal initiator is 0.8.
D:,dy_0/dt = 100000000.0*y_2*y_5 + 5000000000.0*y_5**2
M:,dy_1/dt = -27254*y_1*y_2 - 27254*y_1*y_5
Pn:,dy_2/dt = 27254*y_1*y_5 - 220000000.0*y_2**2 - 100000000.0*y_2*y_5
PnD:,dy_3/dt = 20000000.0*y_2**2 + 100000000.0*y_2*y_5
PnDPn:,dy_4/dt = 100000000.0*y_2**2
R:,dy_5/dt = -27254*y_1*y_5 - 100000000.0*y_2*y_5 - 5000000000.0*y_5**2 + 1.552e-5*y_6
TI:,dy_6/dt = -9.7e-6*y_6
M1_Pn:,dy_7/dt = 27254*y_1*y_2 + 27254*y_1*y_5 - 220000000.0*y_2*y_7 - 100000000.0*y_5*y_7
M1_PnD:,dy_8/dt = 20000000.0*y_2*y_7 + 100000000.0*y_5*y_7
M1_PnDPn:,dy_9/dt = 200000000.0*y_2*y_7
M2_total:,dy_10/dt = 27254*y_1*y_2 + 27254*y_1*y_5 + 54508*y_1*y_7 + 200000000.0*y_7**2
Tmol% does not apply to conventional radical polymerization.
time (s),D,M,Pn,PnD,PnDPn,R,TI,M1_Pn,M1_PnD,M1_PnDPn,M2_total,conversion,ln([M]0/[M]),Mn,Mw/Mn,Tmol% (%)
0.0,0.0,5.5,0.0,0.0,0.0,0.0,0.00138,0.0,0.0,0.0,0.0,0.0,0.0,0.0,1.0,100.0
1.0,9.69050037695174e-14,5.498984556489137,9.613042462183099e-09,1.073198356834331e-09,5.365507747380732e-09,1.4290619325362897e-13,0.0013799866140649234,0.0005278084202015002,4.433383516085073e-05,0.0004433012554961619,97.39959841233805,0.00018462609288424662,0.00018464313837946285,5446106.477971225,1.5162400970255119,100.0
1.2067926406393286,1.2558820994444357e-13,5.49868398161948,9.762502848367457e-09,1.4622667387471077e-09,7.310706346498187e-09,1.4291370396596726e-13,0.0013799838459682627,0.0005825360613027283,6.668507994859274e-05,0.0006667972392642301,144.77744488824248,0.00023927606918551123,0.00023930470027145085,6112388.092152489,1.549461321161677,100.0
1.4563484775012439,1.6057694789809225e-13,5.498317371150971,9.831253497459988e-09,1.941937833448202e-09,9.70888700374731e-09,1.4292288040727376e-13,0.0013799805054569778,0.0006235873537908844,9.628332989974152e-05,0.0009627581653335061,208.2871721373885,0.000305932518005198,0.00030597932490475377,6743179.843040743,1.5803823042756815,100.0
1.7575106248547918,2.0299322294194772e-13,5.497872998228815,9.85702404715996e-09,2.5259997194273025e-09,1.2628984506075167e-08,1.4293401225500865e-13,0.0013799764741633104,0.0006511561237354026,0.00013417711640949335,0.0013416685310352105,290.5348327506524,0.00038672759476086264,0.000386802393162254,7321026.783820223,1.6062423369946777,100.0
2.120950887920191,2.542627428799106e-13,5.497335968124597,9.864604112123029e-09,3.232977240700461e-09,1.6163615950487068e-08,1.4294747059871238e-13,0.0013799716092434617,0.0006674646923335281,0.00018151855662865753,0.0018150486264353126,394.1571549265168,0.00048436943189145154,0.00048448677665831574,7837905.666542735,1.6251096650284151,100.0
2.5595479226995357,3.161653731964763e-13,5.496687697080921,9.866271760204957e-09,4.0868292065967205e-09,2.043256649089933e-08,1.4296372111216427e-13,0.001379965738316828,0.0006757621354199873,0.00023970180679147056,0.0023968389768622826,522.150441469361,0.000602236894378065,0.0006024183118576734,8292878.381794458,1.6364887106842025,100.0
3.088843596477481,3.90884039776326e-13,5.495905410956528,9.866515491937343e-09,5.117407447476943e-09,2.5585084372456554e-08,1.429833362809677e-13,0.0013799586533590315,0.0006792624469041465,0.00031050518037236546,0.003104821416191391,678.2801039851015,0.0007444707351767347,0.0007447479911290662,8688976.982913814,1.6412805356616322,100.0
3.72759372031494,4.810683561524399e-13,5.4949614945402345,9.866513970649622e-09,6.361121528374824e-09,3.180320418188707e-08,1.430070115300835e-13,0.00137995010333254,0.0006803978368409474,0.0003962181925226889,0.003961889430396539,867.4494331019885,0.0009160919017755408,0.0009165117704069104,9030967.143462144,1.6411976242618784,100.0
4.498432668969445,5.899217607841111e-13,5.49382260177647,9.866479157389191e-09,7.862019281942317e-09,3.930714907689091e-08,1.430355877979891e-13,0.0013799397852940322,0.0006805958025940033,0.0004997427220996189,0.004997059698830569,1095.9596560974794,0.0011231633133690557,0.0011237945339701949,9324207.512721231,1.6380597764185985,100.0
5.428675439323859,7.213136995264131e-13,5.4924485142637485,9.866434749013631e-09,9.673276943894113e-09,4.8362780902871024e-08,1.4307008088610703e-13,0.0013799273336638248,0.0006804935806296882,0.000624677294722438,0.006246314860892468,1371.687816819063,0.001372997406591187,0.0013739408311756512,9574131.702409828,1.6333384482550235,100.0
6.551285568595508,8.799179576635775e-13,5.4907907414352985,9.866381025865332e-09,1.1859067645199146e-08,5.929094196274171e-08,1.4311171775237024e-13,0.001379912307277735,0.0006802976501257276,0.0007754116633425573,0.007753549251226339,1704.2700194013828,0.0016744106481275363,0.001675814040425624,9785983.597056482,1.6280283446949109,100.0
7.906043210907698,1.071380767194868e-12,5.4887908316458285,9.866316176788242e-09,1.4496832136712413e-08,7.24788078001726e-08,1.4316198063829857e-13,0.0013798941737634663,0.0006800508526114289,0.0009572560709367435,0.009571861430616764,2105.3632409526535,0.002038030609849367,0.0020401102202528736,9964661.41677178,1.6227208081012992,100.0
9.54095476349994,1.3025246091030071e-12,5.486378342635568,9.866237894438953e-09,1.768002083333741e-08,8.839359640214536e-08,1.4322266056955005e-13,0.0013798722906892022,0.0006797521239875711,0.0011766148807940645,0.011765290359643164,2589.0108927113433,0.0024766649753512515,0.0024797369833226683,10114627.805855295,1.6177325618727065,100.0
11.513953993264469,1.581595409397397e-12,5.483468405998436,9.866143441649488e-09,2.1521402414886346e-08,1.0759910996819621e-07,1.4329592224723862e-13,0.001379845882818324,0.0006793914509986021,0.001441204825468669,0.01441099772508966,3172.107452160908,0.003005744363920729,0.003010270685764397,10239867.411367651,1.6132123339785778,100.0
13.894954943731374,1.918562667495976e-12,5.479958807993397,9.866029485537258e-09,2.6157055701645643e-08,1.307756927887271e-07,1.4338438283390178e-13,0.0013798140146670569,0.0006789567647187724,0.0017603197789871326,0.017601915462890867,3874.960665514646,0.0036438530921095624,0.0036505080962783744,10343878.059451979,1.6092112689603997,100.0
16.768329368110074,2.325484295145916e-12,5.475726495749544,9.86589193952616e-09,3.17511856448819e-08,1.5874430937471903e-07,1.4349120772548288e-13,0.0013797755573966835,0.0006784323473236675,0.0021451485413062606,0.021449923361819466,4721.961302992218,0.004413364409173746,0.004423132051248313,10429684.14541877,1.6057262132585923,100.0
20.235896477251565,2.8169507646927666e-12,5.470623403183902,9.865725963584865e-09,3.850193321390967e-08,1.9249559167402168e-07,1.4362022714091248e-13,0.0013797291488730663,0.0006778001212792002,0.002609154209531977,0.026089642485281738,5742.374179668873,0.005341199421108717,0.005355514623055421,10499863.34966861,1.6027252029324905,100.0
24.42053094548651,3.410626749836189e-12,5.464471474977732,9.865525665276761e-09,4.664838384359609e-08,2.332248786027575e-07,1.4377607830153286e-13,0.0013796731454868035,0.0006770379486898574,0.0031685267301785358,0.03168296034339516,6971.269905412348,0.006459731822230485,0.006480686178263377,10556580.080636593,1.6001628404294437,100.0
29.4705170255181,4.127913024581463e-12,5.457056750356565,9.865283948990039e-09,5.64790209227733e-08,2.8237448018046593e-07,1.439643791749346e-13,0.001379605564039308,0.0006761192593610408,0.003842720809585605,0.038424409574483634,8450.614644320522,0.007807863571533635,0.007838504536166802,10601620.90565211,1.5979891618873243,100.0
35.564803062231285,4.99475731033738e-12,5.448122352104929,9.864992257111021e-09,6.834192124180172e-08,3.4168465071688714e-07,1.4419194131230934e-13,0.0013795240116538255,0.0006750123032232181,0.004655093390522003,0.04654754220132084,10230.535949841873,0.009432299617285655,0.00947706547435507,10636428.754237441,1.5961546999005307,100.0
42.91934260128776,6.042650478125557e-12,5.437360211994438,9.864640256926306e-09,8.265704980438591e-08,4.132550578940286e-07,1.4446703133235018e-13,0.0013794256012543973,0.0006736789072158742,0.0056336560548962515,0.05633245304344564,12370.77943756391,0.01138905236464764,0.01145440429303665,10662133.779773911,1.5946132373134494,100.0
51.7947467923121,7.309854672430237e-12,5.4244013542760845,9.864215482012215e-09,9.993108404072036e-08,4.996188976962997e-07,1.4479969326914116e-13,0.0013793068496565206,0.0006720733428704021,0.006811958512971869,0.06811461386806834,14942.364697901377,0.013745208313439183,0.013840548343045928,10679579.570137111,1.593323157820292,100.0
62.505519252739695,8.842923432282873e-12,5.408804558206454,9.8637028904375e-09,1.207752845262246e-07,6.038322404099398e-07,1.4520214755293783e-13,0.001379163554714775,0.0006701409421976329,0.008230119489866248,0.08229518136147661,18029.438102318043,0.016580989417008304,0.016719992705495297,10689343.961421805,1.592248014868907,100.0
75.43120063354615,1.0698592096062561e-11,5.390043235697909,9.863084333600617e-09,1.459270335248179e-07,7.295817138954758e-07,1.456892871530101e-13,0.0013789906472562946,0.0006678164662187163,0.00993601991266557,0.09935292792320179,21731.30098202518,0.019992138964016606,0.02019468588440216,10691754.017083237,1.59135665566327,100.0
91.02981779915217,1.2946141510232135e-11,5.367490399373675,9.862337914435611e-09,1.7627578721055193e-07,8.813142528877794e-07,1.4627929791224734e-13,0.0013787820126729253,0.0006650222333617629,0.011986669738987482,0.11985790865397038,26164.56285887986,0.02409265465933188,0.024387630128066252,10686895.034284996,1.5906231619756608,100.0
109.85411419875584,1.5670372328045844e-11,5.340401676398964,9.86143721502328e-09,2.1289433591082726e-07,1.0643933853542285e-06,1.469944390261219e-13,0.0013785302760242505,0.000661666016921067,0.014449752487390761,0.1444869050967179,31465.32182679572,0.02901787701837012,0.02944722179579515,10674613.418570485,1.590026654193163,100.0
132.57113655901082,1.8975373866462712e-11,5.307896446573589,9.86035036496066e-09,2.5707644329951915e-07,1.2852874096338802e-06,1.4786203209598244e-13,0.001378226543289896,0.0006576387103933928,0.01740534033956485,0.17404057437644604,37791.227139127564,0.03492791880480197,0.03555248489365861,10654514.26368516,1.5895516666712592,100.0
159.98587196060572,2.298934070529788e-11,5.268937431192107,9.859038918648676e-09,3.103821447740661e-07,1.551795862263677e-06,1.489157249982165e-13,0.0013778600899709533,0.0006528117980330663,0.020947750134357374,0.209462006875496,45323.14542208738,0.042011376146889615,0.04291937597415262,10625952.403900707,1.5891880347890748,100.0
193.06977288832496,2.787078355976126e-11,5.222309360325399,9.857456502512244e-09,3.7469223232676167e-07,1.8733219113125866e-06,1.501971213907045e-13,0.0013774179865422291,0.0006470347112954767,0.025187483193801746,0.2518561217694978,54266.08098311677,0.05048920721356383,0.051808381984038865,10588018.897126118,1.588931656984527,100.0
232.99518105153717,3.3816622397615026e-11,5.166597881993382,9.855547185750274e-09,4.522737433876166e-07,2.2611997601742135e-06,1.5175790385146166e-13,0.0013768846482629373,0.0006401322159326464,0.030253143206272575,0.30250884258440736,64848.789306097795,0.06061856691029422,0.06253367023252629,10539522.69605857,1.588785554182724,100.0
281.1768697974228,4.1072852510174744e-11,5.1001705809416364,9.853243518753505e-09,5.458586096782184e-07,2.729087838566782e-06,1.536626315759629e-13,0.0013762412945269725,0.0006319020602776554,0.036293162363538654,0.3629043546345416,77321.34742234563,0.07269625801061155,0.07547410582403359,10478969.166077886,1.5887618871819569,100.0
339.3221771895326,4.994878103977335e-11,5.0211630170805295,9.850464172605649e-09,6.587380138624404e-07,3.2934405146904618e-06,1.55992476550547e-13,0.0013754653002423826,0.000622113245443809,0.043477071179719065,0.43473779849430194,91949.66451655606,0.0870612696217219,0.09108650865842301,10404536.649081806,1.5888848601063075,100.0
367.3469387755102,5.427385221813626e-11,4.983529217266727,9.849124862955991e-09,7.131207151781509e-07,3.5653324130859503e-06,1.5712774709807428e-13,0.0013750914443142555,0.0006174505235410077,0.04689899680050891,0.4689543354092169,98838.74741666265,0.09390377867877688,0.09860977402965015,10368431.85507383,1.5889897839111833,100.0
409.49150623804235,6.083629601373969e-11,4.927474116253816,9.847111100217675e-09,7.948754501686437e-07,3.974073302117933e-06,1.5885027287560867e-13,0.0013745294186495941,0.0006105054542425566,0.05199591807814016,0.5199194602137954,109005.58466401015,0.10409561522657898,0.10992158512401012,10314052.899672816,1.5891942174725653,100.0
494.1713361323833,7.423632853890461e-11,4.816776884009332,9.843066124585693e-09,9.590419910277848e-07,4.7948390608572465e-06,1.6236745639726558e-13,0.0013734008515140243,0.0005967903785895716,0.06206129590633542,0.6205650297057359,128751.22357921764,0.12422238472557594,0.132643084116607,10204978.040473666,1.5897522436611764,100.0
596.3623316594643,9.079578865798749e-11,4.686552747267899,9.838186842108261e-09,1.1569778213592864e-06,5.784435484377316e-06,1.6671375123337713e-13,0.0013720401387878397,0.0005806559743381327,0.07390222031354435,0.7389643764442126,151415.90028903825,0.14789950049674563,0.16005080194577645,10074397.978906618,1.590653886629416,100.0
719.6856730011514,1.113600276829985e-10,4.53416040961291,9.83230170859173e-09,1.3955847040837726e-06,6.977367165283664e-06,1.7211091889431284e-13,0.0013703998357071897,0.0005617749922519729,0.08775887027814691,0.8775189451166838,177164.12258827966,0.17560719825219823,0.19310816150831756,9919035.08900092,1.5920402943801064,100.0
734.6938775510204,1.1390685331935414e-10,4.515962147929916,9.831585734437738e-09,1.4246032460722301e-06,7.1224471522553615e-06,1.7277932483571464e-13,0.0013702003479900322,0.0005595202787984018,0.08941359458707974,0.8940647372041982,180183.04116560234,0.17891597310365157,0.1971298277554203,9900314.02121759,1.5922301609300622,100.0
868.511373751352,1.3704875144560322e-10,4.356952547184858,9.82520415231726e-09,1.6831546613726915e-06,8.41508862266891e-06,1.7885265182024065e-13,0.0013684229410384592,0.000539819436292687,0.10387197911490188,1.038635654263939,206053.95320215507,0.2078268096027531,0.23297523632954933,9735287.738482498,1.5941185168580483,100.0
1048.1131341546852,1.6936808895555456e-10,4.152455475111697,9.816645532284951e-09,2.0296407542050593e-06,1.0147357640638012e-05,1.873339342973808e-13,0.0013660410361022285,0.0005144828237774414,0.12246650037000308,1.224563541694514,237986.82530552818,0.24500809543423685,0.2810482522200508,9519313.107098805,1.597191123318351,100.0
1102.0408163265306,1.7936289129000883e-10,4.092980699960336,9.814077118889908e-09,2.1335600183391272e-06,1.0666904035274181e-05,1.8995665346808815e-13,0.0013653266489257172,0.0005071140662397022,0.12787444037952464,1.2786377455938918,246991.05786727782,0.2558216909163026,0.2954746101166684,9455711.289345069,1.5982314774178155,100.0
1264.8552168552958,2.1037964096628628e-10,3.918627189060298,9.806326730593469e-09,2.44697634837892e-06,1.2233830754936453e-05,1.9809531794247544e-13,0.001363172090773302,0.00048551215599162013,0.1437281480425725,1.4371591507411294,272652.20256459515,0.287522329261764,0.3390067066451745,9267168.177971244,1.6016971621583296,100.0
1469.3877551020407,2.511985792248302e-10,3.710266423521773,9.796598894398116e-09,2.840000486262502e-06,1.4198747561266205e-05,2.0880515577300166e-13,0.0013604702852405802,0.0004596968421648459,0.16267416920788935,1.6265997104281644,301879.366091982,0.3254061048142231,0.3936444059274394,9037613.872298311,1.6067339450543552,100.0
1526.4179671752318,2.629615576337078e-10,3.654205162179709,9.793888136260909e-09,2.94944955789517e-06,1.4745934167620856e-05,2.1189127554078879e-13,0.0013597178906533,0.0004527510092392179,0.1677717764646345,1.6775703103464088,309475.49929809757,0.3355990614218711,0.40886948857372285,8975028.720718352,1.6082727594535609,100.0
1836.7346938775509,3.300226477899347e-10,3.363925244262299,9.779150932933375e-09,3.5439341143557428e-06,1.771802202211454e-05,2.294838076972172e-13,0.0013556311952739703,0.0004167861417942961,0.19416683173269594,1.9414911378632027,346990.6605888167,0.3883772283159457,0.4916395726510098,8645024.641236402,1.6176620997106463,100.0
1842.0699693267145,3.312221792273605e-10,3.359145216202073,9.77889774443779e-09,3.5541394874258405e-06,1.7769042896841744e-05,2.297984644038223e-13,0.0013555610402307314,0.0004161939097223465,0.19460147996679505,1.9458371099214016,347582.9159569271,0.3892463243268958,0.4930615505683256,8639503.250426406,1.6178384324863155,100.0
2204.081632653061,4.165007375059293e-10,3.0504455248753284,9.761733099790789e-09,4.245370381308812e-06,2.122477149867788e-05,2.521663499085905e-13,0.0013508093175845835,0.0003779468832149061,0.22267170730267055,2.226504820938779,384079.44024119317,0.44537354093175846,0.5894604385572175,8276410.6162149655,1.6309649824548025,100.0
2222.996482526193,4.211739166693429e-10,3.035133864686521,9.76083706116993e-09,4.281420202604727e-06,2.140499726947707e-05,2.533919704542228e-13,0.0013505615018712957,0.0003760498114098817,0.2240640127375995,2.240426072764462,385799.7954081398,0.44815747914790527,0.5944925617189161,8258050.011804064,1.6317133021130152,100.0
2571.428571428571,5.113605817756298e-10,2.7666600532062753,9.744345252972556e-09,4.944318784249973e-06,2.471903985671221e-05,2.770426165943106e-13,0.0013460045909496564,0.0003427866578140284,0.2484767600095541,2.484520400126349,414582.5291031365,0.49697089941704087,0.6871072565142101,7930186.341778551,1.6465945117190497,100.0
2682.6957952797247,5.418655502178455e-10,2.68612187926199,9.739084470989405e-09,5.155536675550643e-06,2.5774977008070032e-05,2.8504127897989495e-13,0.0013445526425457804,0.00033280820337417067,0.2558002794058493,2.557745033128779,422706.777918943,0.5116142037705473,0.7166496194177621,7829501.886428079,1.6517811425175046,100.0
2938.7755102040815,6.153976881116765e-10,2.50971115165947,9.726987242493467e-09,5.640788843394173e-06,2.820087074233677e-05,3.043200296958785e-13,0.0013412169543641774,0.00031095140743388433,0.27184181095318777,2.718136085979901,439678.6379274011,0.54368888151646,0.7845804247369627,7604827.837662892,1.6645066920178362,100.0
3237.457542817643,7.073509880129182e-10,2.31878204279777,9.712895693584503e-09,6.205253770542524e-06,3.102273635862107e-05,3.2842460895316905e-13,0.0013373367830856945,0.0002872958241012893,0.2892037189033241,2.8917269424747976,456771.5902415751,0.57840326494586,0.8637060259639556,7354670.983672748,1.6807190316357015,100.0
3306.122448979592,7.294816534294234e-10,2.277020591889418,9.709658909593678e-09,6.334790107177764e-06,3.167030757691061e-05,3.342252882173003e-13,0.0013364463470401343,0.0002821216968870464,0.2930012736084435,2.929696012805244,460333.3413101093,0.5859962560201057,0.881880261768018,7298900.524228151,1.6846518517713795,100.0
3673.4693877551017,8.545628447110037e-10,2.0662616960240006,9.692360086207464e-09,7.026332157674141e-06,3.512739355160898e-05,3.670054972367973e-13,0.0013316927084057334,0.0002560092573770416,0.3121666903918959,3.121315604326719,477338.3812521135,0.6243160552683635,0.9790070615936658,7011066.562557636,1.706977436165267,100.0
3906.939937054613,9.4024531494264e-10,1.9427432638591497,9.681380924629508e-09,7.464573959632715e-06,3.7318174983815744e-05,3.8945573899726083e-13,0.0013286802837856515,0.00024070566759633254,0.3233990219454067,3.23361700852784,486550.9902580419,0.6467739520256092,1.0406470644597545,6836963.973524962,1.7222752743247502,100.0
4040.816326530612,9.916797222111659e-10,1.875334288923598,9.675090593692547e-09,7.715424616499122e-06,3.85721716214262e-05,4.0293088607344336e-13,0.0013269559781046271,0.00023235388315421125,0.32952901001129736,3.2949043471819435,491343.5549965382,0.6590301292866185,1.0759611612814466,6740083.424189773,1.7314292105862263,100.0
4408.163265306122,1.1419673210947566e-09,1.7023424195791923,9.657850240739781e-09,8.4020771516205e-06,4.200468449813826e-05,4.4229935118454563e-13,0.0013222360959951524,0.00021092067126006483,0.3452606130439575,3.4521860467055827,502882.09918129945,0.6904831964401468,1.1727428957307813,6484798.887759782,1.7579502035064458,100.0
4714.8663634573895,1.278427655280097e-09,1.5704034900143586,9.64347820518267e-09,8.973511018048087e-06,4.4861173151469104e-05,4.780348173928702e-13,0.0013183082626844502,0.0001945738038576745,0.3572591445125092,3.5721427916692674,510945.57023013383,0.7144720927246621,1.2534155058879082,6282908.122801567,1.781634762037617,100.0
4775.510204081633,1.306665733983464e-09,1.5455742577105858,9.64063882747307e-09,9.086299484125893e-06,4.5424974643291554e-05,4.854274086524322e-13,0.001317533002149565,0.00019149753077277038,0.3595171397451559,3.5947171050134785,512391.6284740036,0.7189864985980754,1.2693525631089626,6244145.271833688,1.7864806241518407,100.0
5142.857142857142,1.4871261220887711e-09,1.4034838585344451,9.623456145588026e-09,9.768101392937542e-06,4.8833084263449806e-05,5.326496961383809e-13,0.0013128466368532796,0.00017389292351350437,0.37243914800189326,3.723903100540141,520231.59661124926,0.744821116630101,1.3657904763508488,6017133.698694449,1.8169588921989437,100.0
5510.204081632653,1.6848251408686698e-09,1.2746748084649122,9.606301948267605e-09,1.044749272629133e-05,5.2229055297829904e-05,5.843849236419406e-13,0.0013081769406041103,0.00015793383779523978,0.3841536002715872,3.8410136574256977,526697.4180614904,0.7682409439154706,1.4620569983437584,5802848.3267154,1.849322012116061,100.0
5689.866029018293,1.7882807095703872e-09,1.216127225680853,9.597922461246981e-09,1.0778894481864482e-05,5.388554840345522e-05,6.114886686178174e-13,0.0013058991386853546,0.00015067995359481064,0.3894782734211365,3.894243820944408,529434.4148213058,0.7788859589671177,1.5090766877851276,5702420.979651624,1.8658169580143407,100.0
5877.551020408163,1.901400033091779e-09,1.1578856537561808,9.589175939772484e-09,1.1124483429876744e-05,5.561292938728334e-05,6.411583757751729e-13,0.001303523854111517,0.00014346398307262553,0.39477518841505466,3.9471956938456843,532031.7838370441,0.7894753356806944,1.5581524625606165,5600440.662589972,1.8835052261956564,100.0
6244.897959183673,2.1386481138274854e-09,1.051976617757025,9.572077904662537e-09,1.1799083546033198e-05,5.898474787563477e-05,7.03319279036393e-13,0.001298887318295851,0.00013034214424771545,0.40440754136843665,4.043485498730283,536434.1952320873,0.8087315240441773,1.654077204636625,5409124.495329701,1.9194425740582841,100.0
6612.244897959184,2.398404749637173e-09,0.9559177266206753,9.555007865105852e-09,1.247130311458059e-05,6.234455192097101e-05,7.706961472138272e-13,0.001294267274287605,0.00011844071047904225,0.41314430475785374,4.130819527910984,540068.6666143053,0.826196776978059,1.7498315218927512,5228171.05430142,1.9570670946374724,100.0
6866.488450042998,2.5922935904724165e-09,0.8947096000220103,9.543209945772486e-09,1.2935162561367322e-05,6.466288372986899e-05,8.203409590180763e-13,0.0012910793335343868,0.00011085719057302115,0.41871147732025954,4.18646806546715,542206.3750919568,0.8373255272687253,1.8160041748463938,5108642.763966613,1.9840598641836422,100.0
6979.591836734693,2.6824526987465997e-09,0.8687780121454822,9.53796572149297e-09,1.3141152099177286e-05,6.569238257817677e-05,8.433823812973792e-13,0.0012896636634266675,0.00010764433744396699,0.42107012258095156,4.210044220936115,543070.1622159247,0.8420403614280942,1.8454157306651549,5056904.653365405,1.99631139729118,100.0
7346.938775510203,2.992986507849718e-09,0.789715821451013,9.520950158450606e-09,1.3808640762074013e-05,6.902828037930657e-05,9.24127560555383e-13,0.0012850764272615753,9.784874673449725e-05,0.4282615182546179,4.281924811547627,545549.8015325798,0.8564153051907248,1.940830210156402,4894698.609787325,2.037107956408341,100.0
7714.285714285714,3.3332081049638746e-09,0.717970176870931,9.503959946297887e-09,1.4473780143718427e-05,7.235228479734852e-05,1.0154979963862568e-12,0.001280505507548773,8.895965537305755e-05,0.43478768017663,4.347153183297059,547599.0354618112,0.8694599678416488,2.036075339426459,4740971.3863045545,2.0793891228135264,100.0
8081.632653061224,3.7061538386660755e-09,0.6528529464874527,9.486997290688709e-09,1.5136581114878952e-05,7.566443530922332e-05,1.1125495467590937e-12,0.0012759508462518731,8.089180576601696e-05,0.4407111735833481,4.406354988123425,549293.1355081768,0.8812994642750085,2.131151464108027,4595183.091327193,2.1230873551153104,100.0
8286.427728546843,3.929145300043972e-09,0.6191951222706175,9.477552489442565e-09,1.5505079717814023e-05,7.750582003142107e-05,1.169335437453481e-12,0.0012734186702201375,7.672169155290843e-05,0.4437730292773133,4.436955126760509,550106.8298451351,0.8874190686780696,2.1840829264460053,4517166.0673959935,2.148039393155923,100.0
8448.979591836734,4.1142114854141705e-09,0.5937417498969909,9.470061034039145e-09,1.5797053986091566e-05,7.89647718291279e-05,1.2176636803222778e-12,0.0012714123855409193,7.356808674386654e-05,0.4460885855599744,4.460096096456283,550694.1122163509,0.8920469545641834,2.2260589108785775,4456832.301870025,2.1681356154614524,100.0
8816.326530612245,4.561245405619834e-09,0.5400735980112314,9.453147860216884e-09,1.6455210209578355e-05,8.22533327962915e-05,1.3379307311119087e-12,0.0012668900677916522,6.691874555189984e-05,0.45097110331224893,4.50888837993096,551853.0468543964,0.9018048003615943,2.320797948335845,4325453.114772112,2.2144675025368423,100.0
9183.673469387755,5.051105397929222e-09,0.49133904710361076,9.436260926528782e-09,1.7111061191444987e-05,8.553015652009627e-05,1.4663959989335711e-12,0.001262383835584777,6.088066355757938e-05,0.45540504568251716,4.553195026550307,552812.0899803949,0.9106656277993435,2.415368958095181,4200612.511932971,2.262017624029813,100.0
9551.020408163266,5.586338606490652e-09,0.4470770735946408,9.419401900010433e-09,1.776461726292213e-05,8.879528233446362e-05,1.599268331221678e-12,0.0012578936317052358,5.539672124648801e-05,0.45943232913596493,4.59343520054814,553606.0022878964,0.918713259346429,2.509772367321244,4081907.8025369835,2.3107216475235326,100.0
9918.367346938774,6.170786183155332e-09,0.40687043739743317,9.402562925131823e-09,1.8415889740446415e-05,9.20487482653299e-05,1.753420142099721e-12,0.0012534193991414792,5.041522374945977e-05,0.4630908893270601,4.62998825805175,554263.4446766252,0.9260235568368302,2.6040085720903527,3968964.308604078,2.360516424797985,100.0
10000.0,6.307991868371301e-09,0.39844762766157243,9.39882404551063e-09,1.8560308180145735e-05,9.277016083595127e-05,1.7897368322804013e-12,0.0012524272884639391,4.937165944717894e-05,0.4638573502054334,4.63764565047354,554393.4790527021,0.927554976788805,2.624927305312029,3944612.5835643266,2.371723822736761,100.0
10285.714285714284,6.810160446427517e-09,0.37034146002713775,9.385747284209371e-09,1.9064891381945275e-05,9.5290590526509e-05,1.921716214843933e-12,0.0012489610810847444,4.588937777435624e-05,0.4664150649553933,4.663197585639687,554808.0550000343,0.932665189085975,2.698077926222115,3861433.25969306,2.411340140510275,100.0
10653.061224489795,7.509396420956196e-09,0.3371481977553055,9.368957668533281e-09,1.971163428389604e-05,9.852084588932141e-05,2.0980397820579017e-12,0.001244518620928333,4.177681746329993e-05,0.46943594570364705,4.693374079723577,555259.3443590297,0.9387003276808535,2.791980781582049,3758989.857839983,2.4631324787961915,100.0
11020.408163265305,8.273194260226969e-09,0.30698099825294783,9.352189034099732e-09,2.0356130305035953e-05,0.00010173955119570278,2.2932372296130506e-12,0.0012400919622668927,3.803917776736538e-05,0.4721816853088567,4.720799277260421,555633.428452857,0.9441852730449185,2.885717520490474,3661331.497571577,2.5158347443637545,100.0
11387.755102040815,9.110382827197174e-09,0.2795594085940624,9.335431648411333e-09,2.0998394478436473e-05,0.00010494673947294179,2.5280863908632064e-12,0.0012356810488956997,3.464171135828247e-05,0.47467778268810273,4.745728167006469,555943.6210138482,0.9491710166192614,2.9792885481022733,3568176.1251951335,2.569389934057667,100.0
11755.102040816326,1.0028458224063807e-08,0.25462934462415493,9.318707739750813e-09,2.1638440730089114e-05,0.00010814244482661236,2.754809677082013e-12,0.0012312858248099464,3.155293794130063e-05,0.47694733930020755,4.768391763137688,556200.9348846595,0.953703755522881,3.0726944339849735,3479260.721411968,2.6237428362667248,100.0
12122.448979591836,1.1029733721638805e-08,0.23196075247493936,9.301995479405469e-09,2.2276278928777514e-05,0.00011132670579744974,3.0196081647065665e-12,0.001226906234204697,2.8744354482029895e-05,0.47901127176137887,4.788999231409191,556414.4427809874,0.9578253177318292,3.1659351842318135,3394339.7717910074,2.6788400765481684,100.0
12489.795918367347,1.212390155797456e-08,0.21134515232450077,9.285308940443781e-09,2.2911924540629335e-05,0.00011449955429936483,3.292308017107316e-12,0.0012225422214736474,2.6190130928877886e-05,0.48088853516816715,4.807740122376394,556591.6521326818,0.9615736086682726,3.2590107811895233,3313184.136735959,2.7346301533554023,100.0
12857.142857142857,1.332038419365725e-08,0.19259342211108035,9.268634857400934e-09,2.3545392782215013e-05,0.00011766102233353107,3.6010923706689143e-12,0.0012181937312066128,2.3866835586978876e-05,0.48259632460253765,4.8247863864507865,556738.7870202765,0.9649830141616217,3.3519220255494235,3235579.9310323023,2.791063358867289,100.0
13224.489795918367,1.4627765349499295e-08,0.17553418785064615,9.25197773243944e-09,2.4176698128378393e-05,0.00012081114254283041,3.93733132868962e-12,0.001213860708190968,2.1753235707706306e-05,0.48415022148473974,4.840293837428898,556860.994058109,0.9680846931180643,3.444669544718414,3161327.2610765346,2.8480919541352017,100.0
13591.836734693878,1.6057140583837335e-08,0.1600120954556861,9.235338443072198e-09,2.4805856878190257e-05,0.00012394994524116422,4.30364353375704e-12,0.0012095430974105076,1.9830083360247492e-05,0.4855643507003188,4.854403723760626,556962.5314629726,0.9709068917353298,3.537253962245976,3090239.256200474,2.9056701317234026,100.0
13959.183673469386,1.7619898580188428e-08,0.14588624520814578,9.21871078556931e-09,2.543288543310874e-05,0.00012707746039186744,4.703336668408197e-12,0.0012052408440440345,1.8079921465349283e-05,0.4868515229382636,4.867244151932115,557046.9267241141,0.9734752281439735,3.6296761956113888,3022141.1564675276,2.9637539855983204,100.0
14326.530612244896,1.9328385271298035e-08,0.13302878027994716,9.202068891423337e-09,2.6057800791992516e-05,0.00013019371703574457,5.139259957446109e-12,0.0012009538934644355,1.6486908910142755e-05,0.48802336302325044,4.878931369787883,557117.1037006627,0.9758129490400097,3.721937873326105,2956869.4718119525,3.022301451010067,100.0
14693.877551020407,2.119646893413748e-08,0.12132417813726565,9.185499911465469e-09,2.668062093112595e-05,0.0001332987427458471,5.616024600179724e-12,0.0011966821912451943,1.5036732827543175e-05,0.48909037434141417,4.889570410788483,557175.4648401842,0.9779410585204972,3.814037250011442,2894270.8955514757,3.08127276126643,100.0
15061.224489795917,2.323868271277753e-08,0.11066733701243235,9.168848547015607e-09,2.7301364189031202e-05,0.00013639256455509578,6.131747023561459e-12,0.0011924256831486073,1.3716371321569396e-05,0.49006211281898726,4.899256833797249,557224.0177145812,0.9798786659977395,3.9059746336492727,2834202.0143750967,3.140629755117882,100.0
15428.571428571428,2.5471774388288524e-08,0.10096269641497616,9.152286923328e-09,2.7920050300085735e-05,0.0001394752073655618,6.7007356317870055e-12,0.0011881843151292156,1.2513984812120474e-05,0.4909472668857373,4.908077522714466,557264.4261333229,0.9816431461063679,3.9977522650289945,2776528.537075714,3.2003358627741147,100.0
15795.918367346938,2.7914890798076567e-08,0.09212399639852822,9.135739065750273e-09,2.8536700551808715e-05,0.00014254669408381696,7.314462946698563e-12,0.0011839580333351451,1.1418885894775894e-05,0.4917536793625375,4.916110905353031,557298.0648056915,0.9832501824729949,4.089367914680542,2721124.318697425,3.2603568295233183,100.0
16163.265306122448,3.058545886613688e-08,0.08407239213598913,9.119072159115163e-09,2.9151334742753023e-05,0.00014560704908404015,7.988556411517168e-12,0.001179746784105992,1.042130584637003e-05,0.49248851888468287,4.923428667673472,557326.0774381087,0.9847141105207292,4.18082513238052,2667871.3149011172,3.3206594886476104,100.0
16530.61224489796,3.3509546438340994e-08,0.07673665909863475,9.102537361057616e-09,2.9763978504868782e-05,0.0001486562891667829,8.722544440939424e-12,0.0011755505139720147,9.512420286637713e-06,0.49315826124717516,4.930095567233894,557349.4131775207,0.9860478801638846,4.272123822681284,2616658.5717994943,3.381212799032846,100.0
16897.95918367347,3.670705307523121e-08,0.07005213474439625,9.085939742221732e-09,3.037465280242867e-05,0.00015169443662017325,9.51848357497302e-12,0.0011713691696537034,8.684217603451983e-06,0.4937687856264499,4.9361703954115415,557368.8589932435,0.9872632482282916,4.363263624320926,2567381.8995032166,3.441987377802919,100.0
17265.30612244898,4.0205265384354716e-08,0.063959977593314,9.069342134132513e-09,3.09833833513678e-05,0.00015472150737717375,1.0389088240884972e-11,0.0011672026980610497,7.929407538442725e-06,0.4943254419457047,4.941706651053433,557385.0691032881,0.9883709131648519,4.454245833578291,2519943.494559552,3.5029552609001633,100.0
17632.65306122449,4.4033283112979804e-08,0.05840678682099458,9.052723123194146e-09,3.159019674466028e-05,0.00015773751593222855,1.131602712881252e-11,0.0011630510462928882,7.241373869077279e-06,0.49483308546152616,4.9467528863436,557398.5865172629,0.9893805842143646,4.545071275450289,2474251.4151060428,3.5640900687163453,100.0
18000.0,4.822344255124869e-08,0.05334407343384887,9.036108401370455e-09,3.21951211608724e-05,0.00016074247415595103,1.235831459772927e-11,0.001158914161636225,6.614108960453394e-06,0.495296124844654,4.951353187612527,557409.8620883278,0.990301077557482,4.635740488043782,2430219.2023487077,3.625366913458057,100.0
