M + R -> Pn; 12000
M + Pn -> Pn; 900
2 R -> 2 D; 2.5e+09
Pn + R -> D + PnD; 1e+08
2 Pn -> 2 PnD; 1e+07
2 Pn -> PnDPn; 1e+08
CuI + RX -> CuII + R; 0.79
CuII + R -> CuI + RX; 8.4e+06
CuI + PnX -> CuII + Pn; 0.79
CuII + Pn -> CuI + PnX; 8.4e+06
TI -> 2 R; 2.6e-05
The initiation efficiency of the thermal initiator is 0.8.
D:,dy_0/dt = 100000000.0*y_2*y_5 + 5000000000.0*y_5**2
M:,dy_1/dt = -900*y_1*y_2 - 12000*y_1*y_5
Pn:,dy_2/dt = 12000*y_1*y_5 - 220000000.0*y_2**2 - 100000000.0*y_2*y_5 - 8400000.0*y_2*y_7 + 0.79*y_6*y_8
PnD:,dy_3/dt = 20000000.0*y_2**2 + 100000000.0*y_2*y_5
PnDPn:,dy_4/dt = 100000000.0*y_2**2
R:,dy_5/dt = -12000*y_1*y_5 + 4.16e-5*y_10 - 100000000.0*y_2*y_5 - 5000000000.0*y_5**2 - 8400000.0*y_5*y_7 + 0.79*y_6*y_9
CuI:,dy_6/dt = 8400000.0*y_2*y_7 + 8400000.0*y_5*y_7 - 0.79*y_6*y_8 - 0.79*y_6*y_9
CuII:,dy_7/dt = -8400000.0*y_2*y_7 - 8400000.0*y_5*y_7 + 0.79*y_6*y_8 + 0.79*y_6*y_9
PnX:,dy_8/dt = 8400000.0*y_2*y_7 - 0.79*y_6*y_8
RX:,dy_9/dt = 8400000.0*y_5*y_7 - 0.79*y_6*y_9
TI:,dy_10/dt = -2.6e-5*y_10
M1_Pn:,dy_11/dt = 900*y_1*y_2 + 12000*y_1*y_5 - 220000000.0*y_11*y_2 - 100000000.0*y_11*y_5 - 8400000.0*y_11*y_7 + 0.79*y_15*y_6
M1_PnD:,dy_12/dt = 20000000.0*y_11*y_2 + 100000000.0*y_11*y_5
M1_PnDPn:,dy_13/dt = 200000000.0*y_11*y_2
M2_total:,dy_14/dt = 1800*y_1*y_11 + 900*y_1*y_2 + 12000*y_1*y_5 + 200000000.0*y_11**2
M1_PnX:,dy_15/dt = 8400000.0*y_11*y_7 - 0.79*y_15*y_6
time (s),D,M,Pn,PnD,PnDPn,R,CuI,CuII,PnX,RX,TI,M1_Pn,M1_PnD,M1_PnDPn,M2_total,M1_PnX,conversion,ln([M]0/[M]),Mn,Mw/Mn,Tmol% (%)
0.0,0.0,5.0,0.0,0.0,0.0,0.0,0.0,0.00055,0.0,0.055,0.00275,0.0,0.0,0.0,0.0,0.0,0.0,0.0,0.0,1.0,0.0
1.0,2.061269839293525e-14,4.999999785780036,2.3994783481687082e-11,1.528777272163968e-14,5.5190406215373226e-14,1.847232952533384e-12,1.1437252433248833e-07,0.0005498856274756671,1.085014572191367e-07,0.055000005871067126,0.0027499285009296055,4.737094758468182e-11,3.017736960010989e-14,2.178882498025077e-13,6.314832479412979e-07,2.1417234215233235e-07,4.284399288678742e-08,4.28439938785671e-08,205.58306272833005,1.4933920451948266,2.659659700824025e-10
1.2067926406393286,2.509673003898856e-14,4.999999740336358,2.4202396095263068e-11,1.8614841023211218e-14,6.72022222530106e-14,1.8631356260635062e-12,1.3802866840083834e-07,0.0005498619713315988,1.3151952883717437e-07,0.05500000650913958,0.002749913715679969,4.7781836928279986e-11,3.6745806248764654e-14,2.653167036729682e-13,7.654731699542841e-07,2.596155537590114e-07,5.1932728339920686e-08,5.193272965595172e-08,205.58904925699244,1.493406803974255,3.2384730103312903e-10
1.4563484775012439,3.061100668339839e-14,4.999999684975257,2.4452965706662898e-11,2.270662798511134e-14,8.197512129987752e-14,1.8823268717266835e-12,1.6657655884677744e-07,0.0005498334234411529,1.5956030409959943e-07,0.055000007016254765,0.0027498958730553698,4.8277766560323613e-11,4.482417252864275e-14,3.236486211030575e-13,9.287095969917592e-07,3.1497609296602894e-07,6.300494863609174e-08,6.300495060367377e-08,205.59485807775985,1.4934211335042697,3.9503250412411776e-10
1.7575106248547918,3.7416556290570826e-14,4.999999617408549,2.4755386566942395e-11,2.7757020377929887e-14,1.0020923694775993e-13,1.9054867491135103e-12,2.0102769518021102e-07,0.0005497989723048194,1.937823404369718e-07,0.05500000724535476,0.002749874340861471,4.8876354727007385e-11,5.4795381990969615e-14,3.956494370658232e-13,1.1279427009263293e-06,3.8254211950689294e-07,7.651829019295064e-08,7.651829321622139e-08,205.600693507674,1.4934355178915033,4.828946373891283e-10
2.120950887920191,4.5851866255016535e-14,4.999999534766531,2.512039725452912e-11,3.401750529490442e-14,1.228127429871507e-13,1.9334359520020836e-12,2.426027121246384e-07,0.000549757397287875,2.356384926682826e-07,0.05500000696421947,0.0027498483561928413,4.9598877986075824e-11,6.715614681049978e-14,4.8490661955674e-13,1.3716392719619573e-06,4.6518331358564386e-07,9.304669372767193e-08,9.304669801415846e-08,205.60676670882583,1.4934504968392996,5.918088318622225e-10
2.5595479226995357,5.636073849793491e-14,4.999999433428243,2.5560964367213618e-11,4.181792073628117e-14,1.5097682460774982e-13,1.9671648915514727e-12,2.927746110597821e-07,0.0005497072253889399,2.869617413295147e-07,0.05500000581286975,0.002749816998412923,5.04710344028196e-11,8.255799754280579e-14,5.961260756262781e-13,1.6704842678330397e-06,5.665206024728354e-07,1.1331435132433398e-07,1.1331435769403115e-07,205.61330880958414,1.493466622233946,7.275132880903923e-10
3.088843596477481,6.95317050154928e-14,4.999999308794062,2.6092746627426717e-11,5.1595825444560446e-14,1.8628179549718594e-13,2.007868793978911e-12,3.5332092402205426e-07,0.0005496466790759777,3.5008016481137083e-07,0.05500000324075923,0.0027497791565510438,5.152386783382389e-11,1.0186534626409919e-13,7.355517307325832e-13,2.038053033947917e-06,6.911535723183122e-07,1.3824118756389224e-07,1.3824119714882247e-07,205.62057363238756,1.49348453054796,8.976202208262275e-10
3.72759372031494,8.615340309030264e-14,4.999999154978378,2.673465649845465e-11,6.393778151944507e-14,2.3084627108328086e-13,2.056990056998666e-12,4.2638665408313214e-07,0.0005495736133459166,4.279722816741911e-07,0.05499999841437243,0.002749733489964053,5.279488791338225e-11,1.2623711416743198e-13,9.115554451640675e-13,2.4917199325054463e-06,8.449677850088201e-07,1.690043243129935e-07,1.690043386755135e-07,205.62884004828942,1.4935049060907235,1.112334048684199e-09
4.498432668969445,1.0729814586108067e-13,4.999998964390707,2.7509540192293617e-11,7.964170886388165e-14,2.8755251837247476e-13,2.1162693644046672e-12,5.145602156420655e-07,0.0005494854397843576,5.244786859252168e-07,0.05499999008152974,0.0027496783808728135,5.432942827252815e-11,1.5725005764216935e-13,1.1355284175737072e-12,3.0538976634893527e-06,1.0355536666132867e-06,2.0712185868632105e-07,2.0712188018000954e-07,205.63843350973198,1.4935285469153252,1.3855361663089307e-09
5.428675439323859,1.3444212211035002e-13,4.99999872716037,2.8445001563365553e-11,9.980665994845197e-14,3.603709628519751e-13,2.1878073717881157e-12,6.209650557860979e-07,0.0005493790349442137,6.445926433050869e-07,0.054999976372412496,0.0027496118770977576,5.618229529958211e-11,1.970763850679993e-13,1.423165239108237e-12,3.753739946539918e-06,1.2727818231837491e-06,2.5456792602795985e-07,2.545679585069679e-07,205.64973012579077,1.4935563881254035,1.7363467413868221e-09
6.551285568595508,1.6964934215001814e-13,4.999998430340266,2.957440116568997e-11,1.2597023888485784e-13,4.548569361621052e-13,2.274139147153874e-12,7.49370188969007e-07,0.0005492506298110307,7.948620445062443e-07,0.054999954508144475,0.0027495316229732216,5.841977207158093e-11,2.4875565764244265e-13,1.7964296454418429e-12,4.629499752495755e-06,1.569599264769876e-06,3.1393194674933513e-07,3.1393199597166764e-07,205.66318467372346,1.4935895467956282,2.1915153697437934e-09
7.906043210907698,2.1584755303477126e-13,4.999998056797604,3.0938068889283577e-11,1.6031513276482128e-13,5.788975213819666e-13,2.3783240029547427e-12,9.043235409558106e-07,0.0005490956764590439,9.83949128220999e-07,0.054999920374412745,0.002749434776005432,6.112205742816441e-11,3.1660369950653133e-13,2.286511861277711e-12,5.731816714973944e-06,1.9431386666893005e-06,3.8864047926523424e-07,3.8864055482363325e-07,205.6793470417425,1.4936293763391628,2.7890140519336833e-09
9.54095476349994,2.7725303966588357e-13,4.999997583658802,3.258477755838537e-11,2.0598723514621577e-13,7.43862026631429e-13,2.5040538989679325e-12,1.0913127966149695e-06,0.0005489086872033847,1.2234146770928308e-06,0.05499986789811954,0.002749317906339742,6.438623978430327e-11,4.068425416320305e-13,2.9383848965449072e-12,7.128329634854573e-06,2.4162734622569395e-06,4.832682396482824e-07,4.832683564650358e-07,205.69888728114844,1.4936775301170229,3.583571505590832e-09
11.513953993264469,3.6003055057242074e-13,4.9999969801172375,3.457353616661894e-11,2.6759081564899777e-13,9.663933724205255e-13,2.6557842497516146e-12,1.3169594067971035e-06,0.0005486830405932026,1.5288227097204934e-06,0.05499978813669709,0.00274917687550217,6.832993039590574e-11,5.285815739059568e-13,3.817903605603807e-12,8.910185097889884e-06,3.0198100819715327e-06,6.039765525045482e-07,6.039767349742581e-07,205.72262650200193,1.4937360304929366,4.655287474659036e-09
13.894954943731374,4.733322626109972e-13,4.999996204327365,3.697577574876583e-11,3.519719876954309e-13,1.2712450300246883e-12,2.838891757213702e-12,1.5892525641271998e-06,0.0005484107474358726,1.921304145988047e-06,0.05499966794841815,0.0027490066901583806,7.309571323999561e-11,6.953724664104322e-13,5.023065396608218e-12,1.1201269768940083e-05,3.7955938164327086e-06,7.59134526973071e-07,7.59134815080323e-07,205.7515796980691,1.4938073914220558,6.1232623824651e-09
16.768329368110074,6.309471146234862e-13,4.999995198985066,3.987801917424876e-11,4.694531567237299e-13,1.6957448479475357e-12,3.0598648334798976e-12,1.9178313442788816e-06,0.0005480821686557209,2.429779865021443e-06,0.05499948805147927,0.0027488013257662156,7.885661077707675e-11,9.276531169996963e-13,6.7016850079086805e-12,1.4171363373104298e-05,4.800928443900751e-06,9.602029868105434e-07,9.602034478330826e-07,205.78697709745282,1.4938946220186746,8.167072667713251e-09
20.235896477251565,8.539607390565443e-13,4.999993885013878,4.338514988537627e-11,6.358534045910094e-13,2.2971204436145894e-12,3.3265333097515844e-12,2.3143248720997936e-06,0.0005476856751278999,3.094132030336142e-06,0.05499922019284177,0.0027485535139576,8.582282150947867e-11,1.2567668498075924e-12,9.080539393882665e-12,1.8054964669591522e-05,6.114889957897593e-06,1.2229972243815723e-06,1.2229979722117062e-06,205.8303474696952,1.4940015026265123,1.1061918237957696e-08
24.42053094548651,1.1750702710575376e-12,4.999992152514494,4.762442514853862e-11,8.757400382773741e-13,3.164271602968643e-12,3.648345476135441e-12,2.792762365477915e-06,0.0005472072376345218,3.969743995984448e-06,0.054998823018369496,0.0027482544862389977,9.425005809279349e-11,1.7314141716837972e-12,1.2512085304770308e-11,2.3178323896418374e-05,7.84737700856746e-06,1.569497101172601e-06,1.5694983328722953e-06,205.8835480083391,1.494132579470298,1.5235188209585813e-08
29.4705170255181,1.6456740700243072e-12,4.9999898477518565,5.275042026750664e-11,1.2278319876462217e-12,4.437373587434202e-12,4.03670209533557e-12,3.370067291885017e-06,0.0005466299327081147,5.134015224607022e-06,0.05499823605206728,0.0027478936651079613,1.0444991815013244e-10,2.428413704991061e-12,1.755253879199032e-11,2.9998411430219307e-05,1.0152123709013584e-05,2.03044962869825e-06,2.030451689987593e-06,205.9488659957467,1.4942934823091245,2.1360460422798062e-08
35.564803062231285,2.347603123313589e-12,4.999986754394788,5.895114373272056e-11,1.7539422042991537e-12,6.340320758313026e-12,4.505358912431581e-12,4.066652718440316e-06,0.0005459333472815595,6.695733895566344e-06,0.05499737091882288,0.0027474582919017926,1.1680285489138035e-10,3.4705121405812982e-12,2.509110531716128e-11,3.9159253078226286e-05,1.3245459843876354e-05,2.649121042352931e-06,2.6491245513167628e-06,206.02909121202373,1.4944910558602347,3.0513066989525076e-08
42.91934260128776,3.4127087683126204e-12,4.9999825664044675,6.645563636377004e-11,2.554016249580787e-12,9.235358008733886e-12,5.070911357799337e-12,4.907138321686842e-06,0.000545092861678313,8.808585211058047e-06,0.054996098553110634,0.002746932978571452,1.3177450909265502e-10,5.056405371981547e-12,3.6568094619970494e-11,5.157363392674352e-05,1.743342213000729e-05,3.4867191065046653e-06,3.4867251850799156e-06,206.12763602194204,1.4947336755605967,4.443171097338397e-08
51.7947467923121,5.055783400486043e-12,4.999976848768435,7.554346636124314e-11,3.791462469969886e-12,1.3715134915567001e-11,5.753377606544917e-12,5.921213543636939e-06,0.0005440787864563627,1.1690654592961427e-05,0.05499423055895068,0.002746299168051251,1.4993643142115758e-10,7.51134030373093e-12,5.434270499116994e-11,6.85419135380153e-05,2.3151019770216994e-05,4.630246312942176e-06,4.6302570326691394e-06,206.24863704958912,1.4950313954410248,6.595911945743625e-08
62.505519252739695,7.63031626859863e-12,4.99996898051579,8.655667044987133e-11,5.736637946263524e-12,2.0761122543747563e-11,6.576898844991124e-12,7.144676124787163e-06,0.0005428553238752125,1.5652615201512646e-05,0.054991492060923276,0.0027455344849077767,1.7199261795181786e-10,1.137436685207257e-11,8.232870564302901e-11,9.192539841602646e-05,3.1019218509731396e-05,6.203896841938672e-06,6.203916086245974e-06,206.3971997477707,1.4953967147607639,9.979854418610416e-08
75.43120063354615,1.1723357684950837e-11,4.999958071858484,9.991488135782607e-11,8.841243073856285e-12,3.201489377570926e-11,7.57057834220843e-12,8.62068083288054e-06,0.0005413793191671191,2.113852146370142e-05,0.05498748215936918,0.0027446119544295437,1.9881382551643113e-10,1.7547876174196827e-11,1.2708497577706156e-10,0.00012439997267728423,4.1927798064721486e-05,8.385628303209102e-06,8.38566346282972e-06,206.57957870786046,1.495844880177648,1.5380797874586484e-07
91.02981779915217,1.831781866044186e-11,4.9999428434841935,1.1613466047285564e-10,1.3867079178615357e-11,5.024859461539197e-11,8.769483340593354e-12,1.0401239711120126e-05,0.0005395987602888796,2.8784883842439572e-05,0.054981616355868686,0.002743499064189155,2.3148249631823606e-10,2.755738069390771e-11,1.9971382411883865e-10,0.00016982843686781597,5.7156057048559974e-05,1.1431303161302253e-05,1.1431368499185799e-05,206.80346939865052,1.4963945555127445,2.412401583088021e-07
109.85411419875584,2.9071307540358806e-11,4.999921450379006,1.3585444653788804e-10,2.211036639268604e-11,8.018659543680876e-11,1.0215835143592642e-11,1.2549022693843955e-05,0.0005374509773061557,3.9506261750868e-05,0.05497304276094298,0.00274215663730063,2.7135234121415765e-10,4.400616378015471e-11,3.191913908303644e-10,0.0002338090873208549,7.854898643950744e-05,1.570992419885897e-05,1.571004760110193e-05,207.07840600387948,1.4970687801931908,3.846452087393861e-07
132.57113655901082,4.679708074398071e-11,4.999891224186306,1.5986711690147924e-10,3.57947910586297e-11,1.299490758104083e-10,1.1960411647122846e-11,1.513951601164426e-05,0.0005348604839883555,5.461930832647176e-05,0.05496052020768518,0.0027405374810442517,3.201285713637788e-10,7.137590288477909e-11,5.182479365836571e-10,0.0003244872034625704,0.00010877490393719604,2.17551627388346e-05,2.1755399385818512e-05,207.41627469017567,1.497896059586227,6.2270913349714e-07
159.98587196060572,7.629595457331188e-11,4.999848295641332,1.8916302815327697e-10,5.876577135762973e-11,2.1361110178852725e-10,1.4064180401295986e-11,1.8263605369054863e-05,0.0005317363946309449,7.602250973025606e-05,0.0549422410956388,0.0027385847681998788,3.7997776997624483e-10,1.1745049700912824e-10,8.538624660016091e-10,0.00045376128240131035,0.0001517030073723783,3.0340871733613996e-05,3.034133202709872e-05,207.8320367028557,1.4989120756185974,1.0223344172872655e-06
193.06977288832496,1.2579888874984501e-10,4.999787039994176,2.2498772868925765e-10,9.77246488278794e-11,3.5577096680011423e-10,1.6600164299081197e-11,2.2030661235537724e-05,0.000527969338764462,0.00010645648839536465,0.054915574172840174,0.0027362301013194356,4.5368119702741594e-10,1.9586748115177702e-10,1.4261458579839779e-09,0.000639085985699826,0.00021295793012384025,4.2592001164720726e-05,4.259290822977426e-05,208.344682249516,1.5001617859128138,1.7001190385053685e-06
232.99518105153717,2.0947269820790727e-10,4.999699260340524,2.6892059429649256e-10,1.644403103203888e-10,5.997788974159569e-10,1.965550794788802e-11,2.6572214185501247e-05,0.0005234277858144985,0.0001498805492829152,0.05487669166490259,0.0027333912023547453,5.44853186715115e-10,3.307361313988498e-10,2.4126930648747286e-09,0.0009061852542097229,0.00030073637118791516,6.014793189521583e-05,6.0149740854655804e-05,208.9785484523029,1.5017023253380806,2.860856006109472e-06
281.1768697974228,3.517782854573708e-10,4.999572981496372,3.229838963872895e-10,2.797443918985955e-10,1.022692899646961e-09,2.333364567616127e-11,3.204631800458644e-05,0.0005179536819954133,0.0002120163217011826,0.05482002999630341,0.002729969161730872,6.582594447536516e-10,5.650802745665223e-10,4.131758420119479e-09,0.001293168178535489,0.0004270131485247218,8.540370072562808e-05,8.540734782933344e-05,209.765153169801,1.503606677168979,4.867106321181615e-06
339.3221771895326,5.950494511594703e-10,4.99939066260071,3.897971168763037e-10,4.808221718923999e-10,1.76277996740445e-09,2.7756347302136502e-11,3.8642705020866124e-05,0.0005113572949791336,0.0003011302264833582,0.0547375124785375,0.0027258451724963195,8.002929172571772e-10,9.764828835573549e-10,7.160183314050234e-09,0.0018568361645255058,0.000609328462325098,0.00012186747985794,0.00012187490630252881,210.74581552063358,1.505969115688817,8.366239196110492e-06
409.49150623804235,1.012656921506816e-09,4.999126537601249,4.72800093639119e-10,8.346703785159745e-10,3.070750400552405e-09,3.30651885101441e-11,4.6588837701306565e-05,0.0005034111622986931,0.0004291543210025185,0.05461743451669878,0.0027208766672533187,9.797049680338329e-10,1.706519955592697e-09,1.2557245526172175e-08,0.0026824688456493894,0.0008734471552742103,0.00017469247975014922,0.00017470774025878758,211.9754510266534,1.508912926444299,1.4525142002050183e-05
494.1713361323833,1.7318225277436101e-09,4.998742638869945,5.765836787466362e-10,1.4632579627509928e-09,5.406605873036671e-09,3.94215902595188e-11,5.615694487925958e-05,0.0004938430551207401,0.0006132801622485862,0.05444287678263066,0.002714892769264522,1.2087641566903985e-09,3.0170918409204497e-09,2.229757316346051e-08,0.003899241305942362,0.001257334606618674,0.00025147222601091813,0.0002515038504529536,213.52813889979745,1.512600506559585,2.5469622248305355e-05
596.3623316594643,2.9729569866651416e-09,4.998182815494425,7.073931221239069e-10,2.5913367565073625e-09,9.626145836185118e-09,4.7003867923115154e-11,6.76720831518001e-05,0.00048232791684819963,0.0008782001423509881,0.0541894719408008,0.002707688966166122,1.505155821311998e-09,5.400670509554168e-09,4.012913664237984e-08,0.0057049885611034565,0.0018171374706055466,0.000363436901115044,0.0003635029603115832,215.5055228833249,1.5172481708757604,4.512106439189589e-05
719.6856730011514,5.11693460343644e-09,4.997363663830211,8.73918000869404e-10,4.639070966033553e-09,1.7348121042807996e-08,5.599854277043447e-11,8.152114948155384e-05,0.0004684788505184459,0.0012592051299685424,0.05382231601951299,0.0026990209177214053,1.8952167058968608e-09,9.801908543237458e-09,7.332364548399038e-08,0.008406962447568729,0.002636251149012107,0.0005272672339577511,0.0005274062882071608,218.04980037675372,1.5231472835951156,8.08222684637927e-05
868.511373751352,8.818688204199607e-09,4.996160628820823,1.0885749874469554e-09,8.405888493719729e-09,3.169687768333036e-08,6.658121741767754e-11,9.816251139390597e-05,0.00045183748860609375,0.0018063493079080487,0.05329181320348585,0.002688597321948641,2.4196849749936324e-09,1.8078356469794392e-08,1.3637927636064847e-07,0.01249100174911354,0.0038392143018539365,0.000767874235835464,0.0007681692022642846,221.36437745742978,1.5306951588134106,0.00014657878557196373
1048.1131341546852,1.5195278369709795e-08,4.994386379751414,1.3696738327207143e-09,1.5446491741247346e-08,5.8855012904538024e-08,7.887926945553921e-11,0.00011813533166852428,0.0004318646683314755,0.0025897991923877228,0.05252833613928079,0.002676071792489034,3.144435286784524e-09,3.3998963170321554e-08,2.5920687564621387e-07,0.018743554660723125,0.005613323898305297,0.0011227240497172276,0.00112335477649548,225.74779851918566,1.5404396107179226,0.000269730538036424
1264.8552168552958,2.6128012151741477e-08,4.991756400754352,1.7452430537297144e-09,2.8869766050715027e-08,1.1144610975537105e-07,9.290422096767802e-11,0.0001420662679236583,0.0004079337320763415,0.0037061580933402632,0.051435908174583385,0.0026610337524570968,4.18169886312547e-09,6.552509744759953e-08,5.062546044772595e-07,0.028477705327391783,0.008243023284241074,0.0016487198491295985,0.001650080483442352,231.65173506017177,1.5531444099635414,0.0005052545412967248
1469.3877551020407,4.0131406064623016e-08,4.98876040325778,2.1415408344611987e-09,4.8256005076054146e-08,1.8867146397025395e-07,1.0519083570527917e-10,0.00016445947172836754,0.00038554052827163236,0.004920128749920719,0.050244330721807624,0.002646920344500551,5.363555188001165e-09,1.1307270361010643e-07,8.850906459598649e-07,0.0402090754663595,0.01123859321530869,0.0022479193484439717,0.0022504497118889977,237.90985629131671,1.5661025521021532,0.0008467824346930637
1526.4179671752318,4.4726144154761005e-08,4.987832325460153,2.2601481293201846e-09,5.5121298721814905e-08,2.1629420690040036e-07,1.0843622208865996e-10,0.00017066769516040303,0.0003793323048395969,0.005284730286200018,0.049885937408960364,0.002642998437749105,5.734922762584878e-09,1.3038119962942027e-07,1.0243740624562094e-06,0.043978259026586294,0.012166514049656053,0.0024335349079693813,0.002436500766701194,239.78474046035527,1.569886231894871,0.0009680651939588666
1842.0699693267145,7.59911976168454e-08,4.981923622137597,2.990145357697099e-09,1.0822050309551413e-07,4.3341569687076176e-07,1.2483873786045622e-10,0.0002047118553134408,0.0003452881446865591,0.007490874029513825,0.0477138378257996,0.0026213962416300057,8.201453388916904e-09,2.708685138974597e-07,2.173460376579059e-06,0.06944742937414665,0.018073925332053396,0.0036152755724806695,0.003621826474857244,251.30817550783345,1.592199271080516,0.0019109874444616054
2222.996482526193,1.2767612664340204e-07,4.972903640191261,4.071424574118489e-09,2.2069399471242714e-07,9.064716866813462e-07,1.4078431494130478e-10,0.00024493552498445814,0.00030506447501554173,0.010520023113212252,0.044724912411772184,0.002595561843319958,1.243080161231009e-08,5.978002930463604e-07,4.924293107566564e-06,0.11321088307414857,0.027090825284530752,0.005419271961747718,0.0054340094845901485,268.22968089948876,1.622294398900623,0.003929660899488221
2682.6957952797247,2.1124837731999195e-07,4.958830774213178,5.765419669352839e-09,4.748627688971324e-07,2.01106502623501e-06,1.5389400757232732e-10,0.0002917276425836209,0.00025827235741637903,0.014569689897894159,0.04072203774468946,0.0025647238730650075,2.0441239111666303e-08,1.4401131920780803e-06,1.2248552752182386e-05,0.19346831985864757,0.041155516679632305,0.008233845157364427,0.00826793049159253,294.24385352936173,1.6633706529060224,0.008560438543067534
2938.7755102040815,2.6786667061180345e-07,4.949213556265716,6.947418137853283e-09,7.067215045277867e-07,3.0434922206708737e-06,1.5815584470541568e-10,0.0003166041595513756,0.00023339584044862433,0.01694547347079289,0.03837113068875847,0.002547704476411348,2.703053396529125e-08,2.3034548315612256e-06,1.9938212239724067e-05,0.25695387974613493,0.05076417503667218,0.010157288746856886,0.010209225997949505,312.0736409686507,1.68853303981268,0.012839222939056977
3237.457542817643,3.427546610281212e-07,4.9361007191845445,8.587356676649003e-09,1.1030614959379578e-06,4.840719601883149e-06,1.6034699037241928e-10,0.0003440699052485508,0.00020593009475144915,0.019767186678069197,0.035576883227179355,0.002527996307304404,3.753803877858506e-08,3.944214479520309e-06,3.482110654553148e-05,0.3551402682328896,0.06386047795638577,0.012779856163091097,0.012862221018013367,336.57327151096524,1.719822388719752,0.020231373383149776
3906.939937054613,5.420561943716848e-07,4.897728719086741,1.3288984440454579e-08,2.8151824394124425e-06,1.2826417291620451e-05,1.547033904942261e-10,0.00039597904913735057,0.00015402095086264952,0.026020081186471,0.029375897862666388,0.0024843733962236175,7.682627218638651e-08,1.2740215050075717e-05,0.00011693272200850272,0.7207202369719995,0.10214153114992355,0.020454256182651776,0.020666341496228667,409.1128392282116,1.7940278738246627,0.05274558766731824
4408.163265306122,7.109128780659956e-07,4.859917691329312,1.7002394494002766e-08,5.254476945404704e-06,2.4456727980634868e-05,1.4219936680804068e-10,0.0004215719017594602,0.00012842809824053982,0.03036567294643752,0.025055898955321978,0.0024522075674137086,1.1936146061457088e-07,2.8469692287741813e-05,0.0002669624723178235,1.1891329457518272,0.13978675714461722,0.028016461734137542,0.028416410605583347,479.9927585837534,1.8419240134687032,0.09977971960861896
4714.8663634573895,8.152989659980155e-07,4.833491437344663,1.87447550349491e-08,7.301649898383069e-06,3.431535655808844e-05,1.3230043725361e-10,0.0004308642827772961,0.00011913571722270397,0.03279397144514211,0.022636892837635227,0.002432730736366667,1.4502987464572844e-07,4.361010953066203e-05,0.0004127940802335241,1.5710076789296321,0.16605201343569362,0.033301712531067375,0.03386884103592222,528.1421079516125,1.8605880005160425,0.13954120360101446
5689.866029018293,1.1076553572893796e-06,4.7423311208617065,2.0889367360563285e-08,1.545814329260172e-05,7.396423918414712e-05,9.951554407558184e-11,0.00044054692103115097,0.00010945307896884909,0.03918827237424946,0.01625227454678173,0.0023718361331673448,1.9921164988399113e-07,0.00011471353065095574,0.0011041909631115381,3.1418032873638047,0.2564497754328774,0.0515337758276587,0.05290909996979565,683.2427324454727,1.8586656590039723,0.29908050366942796
5877.551020408163,1.1543919111365228e-06,4.72456474424341,2.0965392580650785e-08,1.7140734525993562e-05,8.218735403749015e-05,9.382922334717322e-11,0.00044084475768373603,0.00010915524231626407,0.040200508162711875,0.015240336594971893,0.002360290217863964,2.0607790079468423e-07,0.00013100752544588137,0.0012634546776647021,3.485246110162996,0.2740405874755749,0.055087051151318,0.0566624733519252,711.8283752922116,1.8513899423685796,0.33212697184020074
6866.488450042998,1.3539133730591826e-06,4.632726988770155,2.092290254119129e-08,2.6014288696831705e-05,0.00012571929243707848,6.858208526182923e-11,0.0004405720049526633,0.00010942799504733674,0.04457961563348659,0.01086095637146611,0.0023003751353866597,2.3602557235698612e-07,0.00022473759882578757,0.0021831593122342914,5.432180342513941,0.3648648782932093,0.07345460224596892,0.0762922352622912,855.1377702490928,1.8013924953662588,0.5069214308073596
7346.938775510203,1.427447748381973e-06,4.5894226764287955,2.0815868472111416e-08,3.0263706971188204e-05,0.00014664741450251957,5.889994820512798e-11,0.00044008393621982407,0.00010991606378017601,0.04622488031846325,0.00921520361775662,0.002271818253304462,2.4889381292665093e-07,0.0002741125114701454,0.0026695013030508053,6.448147087957365,0.40763346086286717,0.08211546471424089,0.08568367482825054,921.5508225024324,1.774924807406404,0.590883606772017
8286.427728546843,1.538918744233803e-06,4.50720386424158,2.05813050783892e-08,3.841403537174674e-05,0.00018690319224572513,4.3832103340446975e-11,0.0004390240797021161,0.00011097592029788393,0.04875142133394692,0.006687602745755227,0.002216997472845791,2.726140133895566e-07,0.00037682242204636874,0.003684132579975051,8.549426722383327,0.4887349081423816,0.09855922715168397,0.10376093694590346,1047.9402565106598,1.724219096799321,0.7522897065589651
8816.326530612245,1.5871747294437294e-06,4.462177862990944,2.0445787939279406e-08,4.291767733842012e-05,0.0002092017956694415,3.716361988262805e-11,0.00043841102787033786,0.00011158897212966217,0.049854606753507884,0.005583804274362482,0.002186662528607094,2.853252983704224e-07,0.0004380746535745425,0.004290685425351674,9.796111978112789,0.5330930916048279,0.10756442740181119,0.11380095549904516,1117.896875960115,1.6969638807704865,0.8416517152849943
10000.0,1.6678175877142088e-06,4.364810816061935,2.0143407068800017e-08,5.274294659787039e-05,0.00025795394109667753,2.5843972382926792e-11,0.0004370342068554827,0.00011296579314451739,0.05170063090043113,0.00373640330642438,0.002120391860946582,3.1217232928983763e-07,0.0005827713299488241,0.005726663725673356,12.724849556409477,0.6288794367101104,0.12703783678761305,0.13586306519016483,1271.9330711104674,1.6403804209490387,1.0369429934162537
10285.714285714284,1.6829176366641706e-06,4.3419326815537325,2.007078855726061e-08,5.506742985357751e-05,0.0002695052385041182,2.3705726040996227e-11,0.00043670109788325,0.00011329890211675003,0.052044756509162675,0.0033919445887206105,0.002104698739452489,3.1834718489989663e-07,0.000619217845720818,0.006088899048773834,13.459248335356591,0.6513588832045846,0.1316134636892535,0.1411183451162145,1308.7371181797134,1.6276361897933782,1.083201499088142
11755.102040816326,1.7418172735395846e-06,4.22780862384093,1.9700522375401864e-08,6.67444519025674e-05,0.00032760960944449235,1.5361635215199227e-11,0.00043498321049275295,0.00011501678950724724,0.05336897946228176,0.0020660037482110338,0.0020258072409738404,3.483353350690616e-07,0.0008150691405388689,0.008038029775170333,17.38544140261336,0.763337928908024,0.15443827523181408,0.1677541094427662,1495.8838503183208,1.5675527894522971,1.3158281601183486
13224.489795918367,1.779053184271868e-06,4.119166875188574,1.9336134533863103e-08,7.797595782952708e-05,0.0003835868415333054,1.0177587994396935e-11,0.0004332553631333825,0.00011674463686661769,0.054171202024461164,0.0012620533386722642,0.0019498728727963036,3.7552542314541586e-07,0.0010234380675692122,0.01011504966790514,21.529200440807386,0.8696942615505274,0.17616662496228522,0.1937869842808815,1679.1889953934883,1.5159816956658378,1.539870352873472
14693.877551020407,1.803344099678888e-06,4.015526989535679,1.89780617800991e-08,8.878457131577649e-05,0.000437511100641614,6.9486621896919645e-12,0.0004315152321354117,0.00011848476786458837,0.05465802923446732,0.0007734859976681384,0.001876784791347163,4.0012943950809107e-07,0.0012423477496930418,0.012299345875201697,25.850498875431555,0.9709309167099857,0.19689460209286427,0.21926931847157657,1858.00639859892,1.4718961976098326,1.7556547576339698
16163.265306122448,1.81980018514207e-06,3.916509869287725,1.8626489469749088e-08,9.918979535011895e-05,0.0004894562146875918,4.930599830985697e-12,0.0004297612511787812,0.00012023874882121883,0.05495386563880274,0.00047589561237608284,0.0018064363078066897,4.2234133250416547e-07,0.0014700125716472982,0.014572456239752216,30.31413650027276,1.0674472395595411,0.216698026142455,0.24423699468674573,2031.6952892548638,1.4342370680923513,1.963494590746263
17632.65306122449,1.8314595678001526e-06,3.8218029035697616,1.8281473728854866e-08,0.00010920900331545588,0.0005394946255750214,3.664267469877353e-12,0.00042799242894237807,0.00012200757105762198,0.0551337806388557,0.0002942117900867253,0.0017387247324289537,4.423402117518378e-07,0.001704822133266709,0.016917854736968586,34.88919895903568,1.1595739772197897,0.23563941928604767,0.268715636870451,2199.779894868223,1.4020164073418269,2.1636903891514523
19102.04081632653,1.8401472023932737e-06,3.7311386622766354,1.7942999229058316e-08,0.00011885806052012688,0.0005876968595903964,2.864597203761144e-12,0.00042620816781249125,0.0001237918321875088,0.05524317495799997,0.000183033209812573,0.0016735512246377321,4.6029161891687864e-07,0.0019453272811465329,0.0193207624228885,39.54857828488527,1.2475947877277092,0.2537722675446729,0.2927244539763678,2361.975048510009,1.3743605483109367,2.356530776187842
20571.42857142857,1.846967661821394e-06,3.6442817501502764,1.7611007412108247e-08,0.00012815171291546629,0.0006341312668159707,2.356107899711544e-12,0.0004244081344295482,0.0001255918655704518,0.05530956769522769,0.00011484043920190849,0.0016108206487485657,4.763496161681292e-07,0.0021902271838222334,0.02176797863906341,44.268545327033046,1.3317595676772191,0.2711436499699447,0.31627861710375155,2518.16213795015,1.350521160978385,2.542293116744053
22040.81632653061,1.8525934782035148e-06,3.5610205721403636,1.7285417991361528e-08,0.000137103832266123,0.000678863909253123,2.028141103798248e-12,0.0004225921722261389,0.00012740782777386097,0.05534967644100404,7.291573122215377e-05,0.0015504414350482239,4.906534388466292e-07,0.0024383569281849512,0.024247727165014277,49.02836351655619,1.4122928531129946,0.28779588557192726,0.33939073108680556,2668.351150767183,1.3298697430159445,2.7212440804555866
23510.20408163265,1.8574362556547329e-06,3.4811620680485884,1.6966134695546287e-08,0.0001457275727957272,0.0007219585326551435,1.8135293123847394e-12,0.0004207602434775593,0.0001292397565224408,0.05537368025392203,4.707998955558066e-05,0.001492325446382844,5.033371115584268e-07,0.002688676317441365,0.026749523651095435,53.80995721840799,1.4893992286457605,0.30376758639028234,0.3620717467889606,2812.643666625386,1.3118850147337249,2.8936401352030345
24979.591836734693,1.861749163853651e-06,3.4045282515798623,1.6653055247224533e-08,0.00015403547419255275,0.0007634765859939143,1.669636013229732e-12,0.0004189123916057091,0.00013108760839429078,0.05538779071568559,3.112167592016705e-05,0.0014363878489532353,5.14521490479167e-07,0.002940258484422045,0.02926404627202413,58.59759654066332,1.563266929142198,0.31909434968402756,0.38433152822250294,2951.202200490262,1.2961372528969999,3.059727991534973
26448.979591836734,1.8656888023663225e-06,3.33095385926318,1.634607338165758e-08,0.00016203953078647724,0.0008034772668448373,1.570029874081084e-12,0.00041704871653955636,0.00013295128346044353,0.05539580719864425,2.1241517895353442e-05,0.0013825469890865756,5.243193618839413e-07,0.0031922799627956255,0.03178302680804986,63.37763369154745,1.6340703096466096,0.33380922814736397,0.4061792052358845,3084.2267856274884,1.2822734404107823,3.219745005960942
27918.367346938772,1.8693527231406845e-06,3.260284684103127,1.6045081389856683e-08,0.00016975124043366698,0.0008420175817441175,1.4982014243899374e-12,0.0004151693588748328,0.00013483064112516712,0.055400059229706096,1.5110129168785855e-05,0.0013307242736878366,5.328352481685198e-07,0.0034440111477635686,0.03429914838316248,68.13826127739489,1.7019716235306956,0.3479430631793746,0.42762339445621106,3211.9380788050976,1.2700036539745563,3.3739195575364413
29387.755102040814,1.8728022572754159e-06,3.192376344141544,1.5749971455248412e-08,0.00017718164046842889,0.0008791524136224909,1.4438215805359825e-12,0.00041327448962714334,0.00013672551037285658,0.05540197829648558,1.1296193141623387e-05,0.001280844055616811,5.401660438308155e-07,0.0036948075621687742,0.03680595362999092,72.8692993897623,1.767122354500249,0.3615247311716912,0.44867233749648544,3334.565689270403,1.2590894206751386,3.522471399946702
30857.142857142855,1.8760764710473453e-06,3.1270933285670806,1.546063646939404e-08,0.00018434133561997238,0.0009149345925355256,1.4004233397129433e-12,0.00041136430359561474,0.00013863569640438518,0.055402446194693346,8.91810890233174e-06,0.001232833523253392,5.464015453345822e-07,0.003944101827316248,0.03929776143181353,77.56200662820936,1.8296642617722412,0.3745813342865839,0.4693339883637802,3452.340373453451,1.2493340217127518,3.6656119948401287
32326.530612244896,1.8792007097375034e-06,3.0643082278718703,1.517697048864194e-08,0.00019124052078191772,0.0009494149672892639,1.3639509650033414e-12,0.000409439014855778,0.00014056098514422195,0.05540200744652135,7.431568334493803e-06,0.0011866225942122545,5.516249494584149e-07,0.00419139628961998,0.04176959125103114,82.2089121094956,1.8897302329625263,0.38713835442562594,0.4896160690513242,3565.489021750402,1.240574550776708,3.8035448292185148
33795.91836734694,1.8821918409950297e-06,3.0039010902094163,1.4898868864951252e-08,0.00019788900028239388,0.000982642475851477,1.3318612279093209e-12,0.0004074988551262175,0.00014250114487378241,0.05540099914289482,6.499712231451257e-06,0.001142143813029185,5.559140891973329e-07,0.004436256432115395,0.044217095984313594,86.80366935023443,1.9474450014600626,0.39921978195811675,0.5095261051031085,3674.231581195136,1.2326755306897383,3.936465716047896
35265.30612244898,1.8850614790711286e-06,2.9457588655716833,1.4626228828933113e-08,0.00020429620518291585,0.0010146642158848865,1.3025600724048936e-12,0.0004055440696783314,0.0001444559303216685,0.05539963049004578,5.913579632623139e-06,0.001099332252724065,5.593400877148426e-07,0.004678304556481654,0.04663649797353801,91.34092068588629,2.0029257725582066,0.41084822688566336,0.5290714492128943,3778.779292075649,1.2255236906664095,4.064563088057745
36734.69387755102,1.8878179723565127e-06,2.8897749179830647,1.4358949061934865e-08,0.00021047120858110069,0.0010455255114173707,1.275048119207065e-12,0.0004035749183083604,0.00014642508169163948,0.05539803168310559,5.543235202839391e-06,0.0010581254200495724,5.61969730379282e-07,0.004917214392734013,0.04902453458016568,95.81618403956418,2.0562827710743026,0.42204501640338704,0.5482592963936445,3879.3337876193436,1.219023885586269,4.188018271614907
38204.08163265306,1.8904676310507633e-06,2.835848586485918,1.4096930008090263e-08,0.00021642274005902897,0.0010752699790020786,1.2487010176610003e-12,0.00040159167351801704,0.00014840832648198285,0.05539628401870996,5.30765480813451e-06,0.0010184631641306377,5.638648309326643e-07,0.005152705965856371,0.051378406521534296,100.2257480464697,2.107619737161858,0.4328302827028164,0.5670966950040626,3976.08675838829,1.213095762907401,4.307005755807704
39673.469387755096,1.893015482487078e-06,2.7838847892022343,1.384007383113789e-08,0.0002221591990807424,0.0011039395909624612,1.2231310202147136e-12,0.00039959462009242855,0.0001504053799075713,0.055394438391655754,5.1562284367483164e-06,0.0009802875888265258,5.650827999664448e-07,0.005384541018220079,0.05369573188773102,104.5665807555683,2.157034372809011,0.44322304215955316,0.5855905540070875,4069.2199748903895,1.207671115386777,4.421693448160275
41142.85714285714,1.8954657410446948e-06,2.7337936602763473,1.3588284389351325e-08,0.00022768866771746672,0.0011315747366898137,1.1980992015632547e-12,0.0003975840546817148,0.00015241594531828522,0.05539252679884314,5.057255838642024e-06,0.0009435429681235262,5.65676969573908e-07,0.005612518831468419,0.05597450423133012,108.83624825304479,2.204618750983881,0.4532412679447305,0.6037476487155368,4158.905523940798,1.202691750097552,4.532242921523888
42612.24489795918,1.8978220980804183e-06,2.6854902167349075,1.3341467092478756e-08,0.0002330189227314864,0.0011582142816258087,1.1734610600758068e-12,0.0003955602855660985,0.00015443971443390155,0.05539056944719988,4.9908383662889985e-06,0.0009081756648200925,5.656968646418936e-07,0.005836472438054771,0.05821305460475723,113.03284258323717,2.250459690525412,0.4629019566530185,0.6215746250731113,4245.30617260768,1.1981077730818839,4.6388096510566985
44081.63265306122,1.900087901599046e-06,2.6388940510151193,1.3099527461913598e-08,0.00023815744708411877,0.0011838956239118878,1.1491324100382583e-12,0.00039352363295969785,0.00015647636704030224,0.05538857917595258,4.944457007188636e-06,0.0008741340522213756,5.651881322570086e-07,0.006056265173246243,0.060410017034755806,117.15491763694097,2.2946391015887433,0.47222118979697614,0.6390780031174325,4328.575799254304,1.1938762007822548,4.741543241471806
45551.02040816326,1.902266273299708e-06,2.5939288928976816,1.2862379743066164e-08,0.0002431114561793357,0.0012086548250270595,1.1250591593203936e-12,0.0003914744218776742,0.00015852557812232585,0.055386564203741565,4.910218136189677e-06,0.0008413683388192227,5.64195012529623e-07,0.006271787481806974,0.06256429656423566,121.20143280989284,2.3372344588612606,0.48121422142046366,0.6562642390598696,4408.860129391654,1.1899596880677954,4.8405879500122815
47020.4081632653,1.9043601501337651e-06,2.550523017820546,1.2629928883360448e-08,0.0002478878427259187,0.0012325263338932818,1.1012230151121531e-12,0.0003894130007916099,0.00016058699920838996,0.05538452983334103,4.8831674506538e-06,0.000809830935947284,5.627557925408763e-07,0.006482954573026624,0.06467504578861301,125.17170373166428,2.378318419062018,0.4898953964358908,0.673139469267261,4486.296003170357,1.1863262778289687,4.936081583022938
48489.795918367345,1.9063723731477915e-06,2.5086078555323024,1.240208888986934e-08,0.00025249329827555384,0.0012555435941244298,1.0776112558124376e-12,0.00038733972056933944,0.00016266027943066046,0.05538247958108096,4.860139488444571e-06,0.000779475635854116,5.609080499772859e-07,0.006689702883317491,0.06674162948176743,129.06535346178208,2.417960251194559,0.4982784288935395,0.6897099523898013,4561.013880075512,1.182947483592874,5.028157925268293
49959.183673469386,1.9083056753358786e-06,2.4681186728091196,1.2178773094746094e-08,0.0002569342341742862,0.0012777386488445454,1.0542225132967118e-12,0.00038525494152425414,0.0001647450584757457,0.055380415797075803,4.839144448512034e-06,0.0007502581506935663,5.586861930152054e-07,0.006891988459931987,0.06876360843085254,132.88227529516578,2.456225171613898,0.506376265438176,0.7059817229403741,4633.136658772078,1.1797985929972783,5.116945159161296
51428.57142857143,1.9101627106245652e-06,2.428994070036127,1.1959896497148359e-08,0.0002612168211351754,0.0012991423384070724,1.0310609128890859e-12,0.0003831590356115419,0.00016684096438845806,0.05537834009446125,4.818941150355705e-06,0.0007221358392505915,5.56122247750403e-07,0.007089784930534615,0.07074071913539295,136.62260165516042,2.4931748697756917,0.5142011859927746,0.721960703736054,4702.78061967038,1.1768579009253322,5.202566655745354
52897.95918367347,1.911946062747731e-06,2.391175771577945,1.174537561588635e-08,0.00026534699730972224,0.001319784340707911,1.0081335455936752e-12,0.0003810523847469267,0.00016894761525307334,0.05537625364339638,4.798741350607537e-06,0.0006950676525506387,5.532460049679781e-07,0.007283081213828185,0.0726728509205505,140.28666714067336,2.5288677430416655,0.521764845684411,0.7376527128255662,4770.055844897655,1.1741062210962232,5.285141135978712
54367.34693877551,1.9136582504160003e-06,2.3546084489468306,1.1535128404679731e-08,0.0002693304768290989,0.0013396932138658526,9.854491522201719e-13,0.00037893538008081405,0.00017106461991918596,0.05537415732580306,4.778054277816158e-06,0.0006690140756213166,5.500851727425523e-07,0.007471879887239647,0.07456002961987723,143.87498241079933,2.5633590914608737,0.5290783102106339,0.753063462505908,4835.066582002586,1.1715265536608828,5.364782841474946
55836.734693877544,1.9153017301194094e-06,2.319239564237353,1.132907408516796e-08,0.0002731727569891482,0.0013588964321336013,9.630173030434098e-13,0.00037680842190145167,0.0001731915780985484,0.055372051840702104,4.7565811994026e-06,0.000643937078171859,5.46665616349109e-07,0.007656195692379578,0.07640240263603543,147.38821069100266,2.596701290768609,0.5361520871525294,0.7681985545211558,4897.911569407363,1.1691038096432662,5.441601678157218
57306.122448979586,1.9168788981132455e-06,2.285019202776034,1.1127133635425948e-08,0.00027687912684873047,0.0013774204288795635,9.408475240674964e-13,0.0003746719189237003,0.00017532808107629974,0.05536993777420566,4.734144718098854e-06,0.0006198000559349025,5.430111760880175e-07,0.007836054070946464,0.07820022430660292,150.82714545719577,2.6289439758352344,0.5429961594447932,0.7830634842825295,4958.684378694869,1.1668245484624091,5.515703388192673
58775.51020408163,1.9183920914127747e-06,2.2518999147189342,1.092922898722341e-08,0.00028045467538224386,0.0013952906373454234,9.189493193495703e-13,0.00037252628845833727,0.0001774737115416627,0.05536781564580874,4.7106426496503446e-06,0.0005965677745182617,5.39144269810683e-07,0.008011489815237183,0.07995384241589162,154.19269028035387,2.660134213905661,0.5496200170562131,0.7976636459866603,5017.473738235698,1.164676751634702,5.58718971302637
60244.89795918367,1.919843588149346e-06,2.219836578391555,1.0735283626916437e-08,0.00028390429871790363,0.0014125315268356915,8.973316520183113e-13,0.00037037195633327514,0.00017962804366672487,0.055365685932993076,4.686023340258675e-06,0.0005742063196927033,5.350856541704189e-07,0.008182545952736618,0.08166368704679333,157.48584257707043,2.6903166535232548,0.556032684321689,0.8120043325966443,5074.36381547477,1.1626496522489802,5.656158538140793
61714.28571428571,1.9212356077654345e-06,2.1887862752560117,1.0545222216388398e-08,0.0002872327071376265,0.0014291666377160687,8.760030081870748e-13,0.00036820935509485075,0.0001817906449051492,0.05536354908436322,4.66027073168661e-06,0.0005526830503933713,5.308546984629969e-07,0.008349272720153322,0.08333026032679498,160.70767886542575,2.7195336608423353,0.5622427449487977,0.8260907344499114,5129.434475648435,1.1607335885248449,5.722704033050054
63183.67346938775,1.9225703113511684e-06,2.158708156982233,1.0358970797855108e-08,0.0002904444324938364,0.001445218618495724,8.549710372961951e-13,0.00036603892428131734,0.0001839610757186826,0.05536140553618076,4.633388100610988e-06,0.0005319665475601707,5.264692851762407e-07,0.00851172652164491,0.0849541260161027,163.85934010169103,2.7478254640107282,0.5682583686035534,0.8399279451276912,5182.761551242196,1.1589198539790622,5.786916799630246
64653.06122448979,1.92384980172088e-06,2.129563334760256,1.0176456607645683e-08,0.00029354383454882903,0.001460709257523659,8.34242992889639e-13,0.0003638611110011958,0.00018613888899880415,0.05535925571936916,4.6053916320898915e-06,0.0005120265701938009,5.219462102306807e-07,0.008669969142447949,0.08653590164860057,166.9420210630614,2.775230272502479,0.5740873330479488,0.8535209608844153,5234.417069416874,1.1572005965798284,5.848883998905214
66122.44897959183,1.9250761236117394e-06,2.1013147725544576,9.997608222655347e-09,0.0002965351074235778,0.001475659515231677,8.138252016277473e-13,0.00036167636857019087,0.00018832363142980905,0.05535710006176362,4.576306806626163e-06,0.0004928340118732578,5.173009753046957e-07,0.008824066967661377,0.08807625072443967,169.95695982125912,2.80178439245246,0.5797370454891084,0.8668746814436096,5284.469470069194,1.1555687207060046,5.90868948001917
67591.83673469388,1.9262512639939534e-06,2.0739271801364962,9.822355363906018e-09,0.0002994222861653717,0.0014900895569709592,7.93723379787311e-13,0.0003594851556664659,0.00019051484433353402,0.055354938990900125,4.546164766396214e-06,0.0004743608561332217,5.125480065826339e-07,0.008974090223559914,0.08957587512784257,172.90542771302083,2.827522341964089,0.5852145639727008,0.8799939140741693,5332.983821848294,1.154017792006563,5.966413911584152
69061.22448979592,1.92737715240565e-06,2.047366914159208,9.650628870428487e-09,0.00030220925291468323,0.0015040187838446693,7.73942548713283e-13,0.0003572879361212939,0.00019271206387870603,0.05535277293614749,4.514999973859943e-06,0.0004565801341996616,5.077007680891848e-07,0.009120112324542646,0.09103550860071218,175.78872099080317,2.8524769572147632,0.5905266171681584,0.8928833769911938,5380.022021649476,1.1525419595035487,6.022134905011686
70530.61224489796,1.928455661426007e-06,2.021601893638939,9.482360808876767e-09,0.00030489974241032465,0.00151746586023133,7.544870590761737e-13,0.0003550851787093639,0.000194914821290636,0.05535060232952007,4.482849189346396e-06,0.000439465887275577,5.027717398297857e-07,0.009262209345725322,0.09245591147199098,178.6081543111019,2.8766794827716,0.5956796212722122,0.9055476986396155,5425.642966404447,1.151135899548435,6.075927124608019
72000.0,1.9294886070160074e-06,1.996601548007473,9.3174843998163e-09,0.0003074973454379802,0.001530448731025753,7.353606152735179e-13,0.0003528773568371042,0.00019712264316289568,0.055348427605937875,4.449750899285721e-06,0.0004229931430291407,4.977725012221634e-07,0.009400459708116753,0.09383786751149892,181.36505690068685,2.9001596270004044,0.6006796903985053,0.9179914031924297,5469.902665039074,1.1497947991815298,6.127862356539095
