M + R -> Pn; 33700
M + Pn -> Pn; 33700
2 R -> 2 D; 2e+08
Pn + R -> D + PnD; 2e+08
2 Pn -> 2 PnD; 2e+07
2 Pn -> PnDPn; 1.8e+08
TI -> 2 R; 9.1e-06
The initiation efficiency of the thermal initiator is 0.8.
D:,dy_0/dt = 200000000.0*y_2*y_5 + 400000000.0*y_5**2
M:,dy_1/dt = -33700*y_1*y_2 - 33700*y_1*y_5
Pn:,dy_2/dt = 33700*y_1*y_5 - 400000000.0*y_2**2 - 200000000.0*y_2*y_5
PnD:,dy_3/dt = 40000000.0*y_2**2 + 200000000.0*y_2*y_5
PnDPn:,dy_4/dt = 180000000.0*y_2**2
R:,dy_5/dt = -33700*y_1*y_5 - 200000000.0*y_2*y_5 - 400000000.0*y_5**2 + 1.456e-5*y_6
TI:,dy_6/dt = -9.1e-6*y_6
M1_Pn:,dy_7/dt = 33700*y_1*y_2 + 33700*y_1*y_5 - 400000000.0*y_2*y_7 - 200000000.0*y_5*y_7
M1_PnD:,dy_8/dt = 40000000.0*y_2*y_7 + 200000000.0*y_5*y_7
M1_PnDPn:,dy_9/dt = 360000000.0*y_2*y_7
M2_total:,dy_10/dt = 33700*y_1*y_2 + 33700*y_1*y_5 + 67400*y_1*y_7 + 360000000.0*y_7**2
Tmol% does not apply to conventional radical polymerization.
time (s),D,M,Pn,PnD,PnDPn,R,TI,M1_Pn,M1_PnD,M1_PnDPn,M2_total,conversion,ln([M]0/[M]),Mn,Mw/Mn,Tmol% (%)
0.0,0.0,5.0,0.0,0.0,0.0,0.0,0.1,0.0,0.0,0.0,0.0,0.0,0.0,0.0,1.0,100.0
1.0,1.0138546484470875e-10,4.990135045071359,6.032781440767861e-08,1.3964677179274046e-07,6.279543731116337e-07,8.657331563419464e-12,0.09999909000414045,0.0004204844710423586,0.0009450596454747955,0.008499410812122948,190.58965362402617,0.0019729909857282733,0.00197493989632044,1527173.628827501,1.6214448574246914,100.0
1.1513953993264474,1.1720651670378319e-10,4.988599127886684,6.032777061214385e-08,1.617023830280004e-07,7.271334493677847e-07,8.65998490818367e-12,0.09999895223567566,0.00042035490597891993,0.0010987635221075835,0.009881753685228737,221.6289400327063,0.0022801744226631725,0.002282777978823111,1539513.0767055838,1.6184205990227383,100.0
1.3257113655901092,1.3542879652283103e-10,4.9868312666834305,6.032772110631025e-08,1.8709707942016476e-07,8.413276064128357e-07,8.66304096206908e-12,0.0999987936099342,0.00042020597335846164,0.001275678755846412,0.011472848587363442,257.34376716530517,0.0026337466633139075,0.0026372210758797182,1550248.2827381715,1.6156778711749198,100.0
1.5264179671752334,1.5641779413436838e-10,4.9847965370452725,6.032766522129135e-08,2.1633637239240203e-07,9.728100014225017e-07,8.666561021173563e-12,0.09999861096929695,0.00042003466805317345,0.0014793003625183626,0.013304127924154877,298.4343089699443,0.003040692590945504,0.003045324889308665,1559558.491035585,1.6132101509214878,100.0
1.7575106248547918,1.8059497117151443e-10,4.982454789163593,6.03275997851626e-08,2.5000230223192855e-07,1.1241979196612883e-06,8.670615768597328e-12,0.09999840067812063,0.0004198373523523044,0.0017136463046561318,0.015411727179397169,345.70425656909055,0.0035090421672814287,0.0035152132964785363,1567602.6905293975,1.6110036324540624,100.0
2.023589647725157,2.0844644340568275e-10,4.979759876877703,6.032752430283952e-08,2.887650225190802e-07,1.2985048653544914e-06,8.675286730484403e-12,0.09999815855037542,0.0004196102573130423,0.0019833345894104825,0.017837178275572182,400.0756692719141,0.0040480246244593236,0.004056240054476636,1574520.912337409,1.6090403739628265,100.0
2.329951810515372,2.405330462620633e-10,4.976658776476451,6.03274376406593e-08,3.333961389452372e-07,1.499200541087691e-06,8.680667964124667e-12,0.09999787976632966,0.0004193489994607736,0.002293671496737689,0.020628203027349266,462.60584305741475,0.004668244704709857,0.004679174989115953,1580435.5764086605,1.6073005131200564,100.0
2.6826957952797255,2.77502014937947e-10,4.973090580715082,6.032733768527156e-08,3.847840667301638e-07,1.7302799036402002e-06,8.686868016800984e-12,0.0999975587766246,0.0004190483505571853,0.0026507522698180188,0.02383961866454089,534.5063828219984,0.005381883856983549,0.005396418366057254,1585452.8134667436,1.6057636903635562,100.0
3.088843596477481,3.201005535774556e-10,4.968985351923879,6.032722260411807e-08,4.4395171226895484e-07,1.996342670353727e-06,8.694012201424183e-12,0.09999718919183112,0.00041870243776608024,0.0030615758636819974,0.0275343697746713,617.1646991580895,0.006202929615224129,0.006222247710417402,1589663.7202556068,1.604409929533649,100.0
3.5564803062231287,3.691916194795119e-10,4.964262816521173,6.032709013232292e-08,5.120768310576938e-07,2.3026848587908454e-06,8.70224524366012e-12,0.09999676365529207,0.0004183045392929567,0.0035341756059124904,0.031784703333620386,712.1681779983196,0.0071474366957653855,0.007173101988582248,1593145.518974804,1.6032202146912875,100.0
4.094915062380426,4.257723106765381e-10,4.958830881755819,6.032693758750979e-08,5.905154664952414e-07,2.6554041786247653e-06,8.711734365643574e-12,0.09999627369672161,0.0004178468683021927,0.0040777676494287655,0.036673503726448245,821.3312286479559,0.008233823648836135,0.008267908804496455,1595962.5978760307,1.6021768250892192,100.0
4.714866363457394,4.909953218607914e-10,4.952583954120824,6.032676193557721e-08,6.808289357011623e-07,3.061521371298845e-06,8.72267288426722e-12,0.09999570956365109,0.0004173205212757282,0.004702919257651517,0.04229580610024774,946.7253961000346,0.009483209175835228,0.009528461120312361,1598167.4199947563,1.6012634999400561,100.0
5.428675439323859,5.661940278256634e-10,4.945401037792352,6.03265596818156e-08,7.848148988862253e-07,3.529119909354487e-06,8.735284417791718e-12,0.09999506002737085,0.0004167153085428239,0.005421739117282711,0.04876050778182213,1090.7126874415285,0.01091979244152963,0.010979850993152412,1599801.2915898997,1.6004655054706,100.0
6.250551925273973,6.529118694339806e-10,4.937143590754103,6.032632679895291e-08,9.045431298350177e-07,4.067506831409012e-06,8.749827814002935e-12,0.09999431215951175,0.00041601955969922957,0.006248091906202278,0.05619229777999466,1255.9821850488177,0.01257128184917935,0.012650968963329103,1600894.987163125,1.59976964222736,100.0
7.196856730011519,7.529368630972707e-10,4.927653116445522,6.03260586456096e-08,1.042396698376204e-06,4.687397908030465e-06,8.766602937657631e-12,0.09999345107482714,0.00041521991985416493,0.0071978393342351735,0.06473382430038804,1445.5898895227888,0.014469376710895609,0.014575079012069161,1601469.2269100973,1.5991642063916005,100.0
8.286427728546844,8.683422345669546e-10,4.916748469741138,6.032574987585639e-08,1.2011193830551725e-06,5.40113081597399e-06,8.785957484860568e-12,0.09999245963506681,0.00041430112629497475,0.00828910978077904,0.0745481193517875,1663.0015938147828,0.01665030605177247,0.016790480541338127,1601535.0091479311,1.5986389422240925,100.0
9.54095476349994,1.0015344091311038e-09,4.904222858973339,6.032539433479449e-08,1.3838702557338691e-06,6.22291055299934e-06,8.808295031153785e-12,0.09999131810806326,0.00041324575452968723,0.009542598363401421,0.08582129690872892,1912.1383145172965,0.019155428205332115,0.019341270507030463,1601093.7947455223,1.5981849794427758,100.0
10.985411419875584,1.1553098794288929e-09,4.889840530380261,6.032498493377853e-08,1.5942865219298305e-06,7.169091963581234e-06,8.834084568023174e-12,0.09999000377526375,0.0004120339410496077,0.0109818988033752,0.09876553687531298,2197.4235000929575,0.022031893923947797,0.022278220853261994,1600137.5463776926,1.59779477614957,100.0
12.648552168552959,1.3329228449002449e-09,4.873333129275506,6.03245135078371e-08,1.8365558641510127e-06,8.258504979648124e-06,8.863871844905307e-12,0.0999884904799227,0.0004106430751215776,0.012633867664856462,0.11362235998451464,2523.8307687125775,0.025333374144898713,0.025659788652909587,1598648.6233215223,1.5974620711451906,100.0
14.563484775012437,1.538165959844752e-09,4.854395740603901,6.032397065249136e-08,2.115499723439975e-06,9.512829024298788e-06,8.89829291279623e-12,0.09998674810699565,0.0004090474653860648,0.01452902070715661,0.1306661912235555,2896.9308739174608,0.029120851879219777,0.02955327969239014,1596599.5719450647,1.5971820782688655,100.0
16.768329368110084,1.7754672936239415e-09,4.832682642931075,6.032334553429438e-08,2.4366691706334626e-06,1.0957023996316051e-05,8.938090384653733e-12,0.09998474198442862,0.0004072179824474414,0.016701957952633417,0.1502081811338427,3322.9335841901584,0.03346347141378505,0.03403618633898818,1593952.6784158133,1.5969511286962266,100.0
19.306977288832496,2.0500070777968825e-09,4.807802801347435,6.032262567355492e-08,2.80645526712253e-06,1.2619826368430696e-05,8.984133010667509e-12,0.09998243219398695,0.00040512167882709044,0.019191814930543658,0.17260026204319226,3808.7243067320032,0.03843943973051296,0.03919773073711263,1590659.5491029767,1.5967673048469082,100.0
22.229964825261945,2.3678594223645306e-09,4.779315210513076,6.032179669251295e-08,3.23221610104591e-06,1.4534320212728276e-05,9.03743944666699e-12,0.09997977277798745,0.00040272139666134215,0.022042728982982793,0.19823933910727778,4361.885820270276,0.04413695789738483,0.045140637592568374,1586660.3802681288,1.59663005134847,100.0
25.59547922699536,2.7361649351549623e-09,4.7467241804992435,6.032084202519093e-08,3.7224230126851304e-06,1.6738594438466307e-05,9.099207198361745e-12,0.09997671082625262,0.00039997537055325703,0.025304311377902015,0.22757153275229985,4990.7038832887365,0.050655163900151304,0.05198317851357527,1581883.27299325,1.5965408077640253,100.0
29.4705170255181,3.1633426935911022e-09,4.709474778243061,6.03197425820882e-08,4.2868289006136055e-06,1.92764992162901e-05,9.170848165014512e-12,0.09997318542525667,0.0003968368434432402,0.029032103958726733,0.26109628095476745,5704.144186656679,0.05810504435138775,0.0598615226740103,1576243.3428601467,1.5965031231349855,100.0
33.93221771895328,3.6593519586863373e-09,4.666948659094966,6.031847636277135e-08,4.936661933040645e-06,2.2198516502103643e-05,9.25403252410805e-12,0.09996912644873773,0.0003932537153928467,0.033287996895567676,0.2993700902940727,6511.794632398818,0.06661026818100683,0.06893244636366475,1569641.8602940203,1.5965235199933028,100.0
39.06939937054617,4.236018146023416e-09,4.618460683861331,6.031701800781615e-08,5.684848486967e-06,2.556276179709935e-05,9.35074343929933e-12,0.09996445316595744,0.00038916825855183094,0.03814056801159884,0.3430095798685175,7423.755240912281,0.07630786322773382,0.07937644817041137,1561965.238952546,1.5966119213981917,100.0
44.98432668969446,4.907441791316167e-09,4.563256801383763,6.031533828031085e-08,6.5462697086157025e-06,2.9436136830270646e-05,9.46334558721913e-12,0.09995907264024212,0.0003845169387380362,0.04366529569611738,0.3926933859813804,8450.461259928645,0.08734863972324743,0.0914013330052139,1553084.030596069,1.5967822446067408,100.0
51.7947467923121,5.690515615849006e-09,4.500513805484363,6.031340346517462e-08,7.538056743986078e-06,3.389565577032824e-05,9.594671772247068e-12,0.09995287788637598,0.0003792303949745603,0.04994458453885232,0.44916237958180816,9602.427383720444,0.09989723890312732,0.1052463431792266,1542852.1126854073,1.5970540970863407,100.0
59.63623316594643,6.605584527566164e-09,4.429341830715816,6.03111746722839e-08,8.679930440809017e-06,3.902997091613165e-05,9.748133721498371e-12,0.09994574575076223,0.00037323364976013946,0.05706751726034116,0.5132174183740817,10889.887311793815,0.11413163385683678,0.12118691035932326,1531105.9692010179,1.5974544429783015,100.0
68.66488450043002,7.677295820346226e-09,4.348790614597847,6.030860702692901e-08,9.99459218508392e-06,4.4941127637436816e-05,9.927864641226127e-12,0.09993753447294332,0.00036644663671253657,0.06512923019137229,0.585713708574067,12322.311112644982,0.1302418770804305,0.13954012562080914,1517664.2625006437,1.598019944126204,100.0
73.46938775510205,8.255611740161453e-09,4.306526272101419,6.030724005021915e-08,1.0694138215492023e-05,4.808648321335429e-05,1.0024850533935133e-11,0.09993316520155071,0.0003628855651534447,0.06935916668850635,0.623751675644921,13063.39704716946,0.13869474557971628,0.1493063026363807,1510556.1675430303,1.5983637456390598,100.0
79.06043210907697,8.935705302355352e-09,4.257860818714304,6.0305648727523e-08,1.1508173523911401e-05,5.174658270313725e-05,1.0138904637292444e-11,0.09992808088098555,0.0003587851544503048,0.07422978308738222,0.6675506130438621,13907.779655660257,0.14842783625713912,0.1606710335063672,1502327.8197534184,1.5987999111990039,100.0
91.02981779915217,1.0417731566850502e-08,4.155521946289357,6.030223994609045e-08,1.3250753359188294e-05,5.958152511296779e-05,1.0387444524890216e-11,0.09991719716628494,0.00035016237627505256,0.08447236954220186,0.7596555217921649,15652.201713957696,0.16889561074212853,0.1849998731738709,1484880.2317973464,1.599860173435226,100.0
104.81131341546852,1.2169089097925777e-08,4.040738620138507,6.029831154137926e-08,1.5256952794881549e-05,6.860154421735612e-05,1.0681149962117655e-11,0.09990466717543038,0.00034049106427460517,0.09596069164162806,0.8629601971555895,17558.370686790215,0.19185227597229862,0.21301041040486116,1465089.3233450544,1.6012883142084948,100.0
120.67926406393289,1.4246888083072597e-08,3.9125071673085867,6.029378354688046e-08,1.7566619208894402e-05,7.898569635045357e-05,1.10295972657469e-11,0.0998902421477431,0.00032968665183793924,0.1087953042604011,0.9783678417791735,19624.874387363525,0.21749856653828264,0.2452595246695485,1442709.7799559545,1.6032006888193133,100.0
138.94954943731375,1.6723174771205872e-08,3.7699044895879226,6.028856338544652e-08,2.0225612828164337e-05,9.094002849937032e-05,1.1444866946684224e-11,0.0998736358168688,0.0003176713613416681,0.1230687311265694,1.1067091079241655,21844.902517181537,0.24601910208241548,0.28238824562191145,1417487.2866797815,1.6057520660584415,100.0
146.9387755102041,1.7835040501515847e-08,3.709195325100024,6.02862784100488e-08,2.1388221326038147e-05,9.616676525843481e-05,1.1631323762659933e-11,0.09986637507200428,0.0003125561821372268,0.1291453872697807,1.1613467314480581,22765.062320590372,0.2581609349799952,0.2986229528435909,1406640.7461793185,1.606983822619712,100.0
159.98587196060572,1.9689814602463304e-08,3.612151205485235,6.028254374785883e-08,2.3286711046073675e-05,0.00010470162577768858,1.1942362234971774e-11,0.09985451878318614,0.00030437952430892757,0.13885915414378827,1.2486852608466679,24204.990405810764,0.277569758902953,0.3251344157718191,1389164.37265462,1.6091462223833004,100.0
184.20699693267164,2.3265327690773598e-08,3.4386900824297393,6.027560005091922e-08,2.6810647987354386e-05,0.0001205432587373057,1.254195488867791e-11,0.09983251205066772,0.00028976418987772815,0.15622257416431187,1.404797579216071,26683.89724342626,0.31226198351405215,0.3743473035590673,1357488.736695556,1.6136535235261709,100.0
212.09508879201903,2.7604597789369348e-08,3.249280286353857,6.026758735966511e-08,3.0867309441895225e-05,0.00013877871692612038,1.326961280398334e-11,0.09980717960703193,0.0002738050659958024,0.17518339057933813,1.575262518000809,29251.733720038716,0.35014394272922866,0.4310043909688636,1322224.0641058963,1.6196318802830754,100.0
220.40816326530614,2.8946044003385982e-08,3.1948690700626927,6.026519504599558e-08,3.207638636378096e-05,0.00014421352924625448,1.3494558986946447e-11,0.09979962958150632,0.000269220533580259,0.18063040713772846,1.6242313022659982,29962.560632500776,0.36102618598746145,0.4478918050803804,1311955.73621662,1.621576417480645,100.0
244.205309454865,3.2912886997071356e-08,3.044105997878811,6.025833661048e-08,3.553710635518405e-05,0.0001597689266021373,1.4159748465361112e-11,0.09977801990941074,0.0002565176711033856,0.195723544916108,1.759913939533977,31869.566160510865,0.39117880042423775,0.49623065113593223,1283163.7054250576,1.627553052328339,100.0
281.1768697974231,3.946642457326793e-08,2.8238952294231807,6.024764989456004e-08,4.091255370183418e-05,0.00018392896313500697,1.5258669154672145e-11,0.09974445611918438,0.0002379633453156933,0.21777064515742997,1.9580961620740729,34489.76551304588,0.4352209541153639,0.5713206935539422,1240147.4442913078,1.6380362268150488,100.0
293.8775510204082,4.18329456049044e-08,2.7519909064901524,6.024396946332914e-08,4.2758833188583956e-05,0.0001922265769425183,1.5655487640937653e-11,0.09973292870022238,0.00023190489384383343,0.22496998373611998,2.022807204879883,35302.832080478765,0.4496018187019695,0.5971132966961686,1225835.5791248975,1.6419716154900001,100.0
323.74575428176433,4.764321505075797e-08,2.5900409368509365,6.023529444039223e-08,4.710008597055231e-05,0.00021173608225451957,1.6629736847506377e-11,0.09970582490898823,0.00021825945493598976,0.24118586161603642,2.1685549420780914,37057.45419674647,0.4819918126298127,0.6577642311136109,1193081.2824154808,1.651894347018506,100.0
367.34693877551024,5.677895929257439e-08,2.3706167974920285,6.022257790578242e-08,5.34357926416157e-05,0.00024020567515939113,1.8161546074031087e-11,0.09966627239833802,0.0001997714072187145,0.26315860456076157,2.3660248265399915,39265.45002514175,0.5258766405015943,0.7462877390404242,1147450.1376912857,1.668050739452312,100.0
372.7593720314938,5.797011734744871e-08,2.3447116991782417,6.02209947153569e-08,5.422214605550786e-05,0.00024373890855951535,1.836126583784563e-11,0.09966136364209507,0.0001975887180026163,0.2657528672629323,2.3893378448408242,39513.2643571578,0.5310576601643516,0.7572754608750744,1141959.7504239518,1.6701936007925515,100.0
429.1934260128778,7.119637501079391e-08,2.0909348517709008,6.0204421740259e-08,6.241959163400034e-05,0.00028056793396957346,2.057881899734126e-11,0.09961019569940703,0.00017620620884566373,0.2911695342725814,2.6177194077476726,41797.300330810416,0.5818130296458198,0.871826648967047,1086889.2209868582,1.694321754340698,100.0
440.8163265306123,7.41123906039805e-08,2.042188869406882,6.02009928349686e-08,6.410753146196329e-05,0.0002881505501964834,2.106771054337764e-11,0.09959966064605867,0.00017209901208571548,0.2960521291050531,2.66158690247598,42206.16919297266,0.5915622261186236,0.8954157046049803,1076023.2189918708,1.6996920305525418,100.0
494.1713361323833,8.841125647344916e-08,1.832628370155894,6.01851780095372e-08,7.185447339470598e-05,0.0003229474915668949,2.346494114547707e-11,0.09955131370223252,0.00015444204451688936,0.3170447574536001,2.8501724303459897,43854.310618561634,0.6334743259688211,1.0036867081821343,1028110.7511914829,1.7260753464636145,100.0
514.2857142857143,9.421381924614397e-08,1.759342595479725,6.017918232547139e-08,7.477435797340541e-05,0.00033606088140586686,2.443769868982308e-11,0.09953309341360972,0.00014826719477148905,0.3243870721168211,2.916122065208683,44388.711390631695,0.6481314809040549,1.0444976984576004,1010853.4697013111,1.7367511496216343,100.0
568.9866029018293,1.1123731399310186e-07,1.5745542375185535,6.016277536119064e-08,8.271325512633006e-05,0.00037170937866983574,2.729143451253688e-11,0.09948356035009573,0.0001326974556592578,0.3429031316896433,3.0824099333361454,45639.602223105874,0.6850891524962893,1.1554657040130414,966019.8068864648,1.767767350131493,100.0
587.7551020408164,1.175243880264951e-07,1.5157396776716152,6.015710936795277e-08,8.54366286361237e-05,0.00038393629377142226,2.834535200080974e-11,0.0994665706712364,0.00012774190865432196,0.34879731682540854,3.1353352635943232,46008.7150414932,0.6968520644656769,1.1935343565343515,951312.6897073273,1.7790682259377504,100.0
655.1285568595509,1.4215731725610322e-07,1.3221669965268146,6.013660066399938e-08,9.521057162807698e-05,0.00042780830103015394,3.2474188103860726e-11,0.09940560656244966,0.00011143202590590027,0.36820011377182754,3.309521457675453,47124.56653271535,0.7355666006946371,1.3301658578577766,901179.0718251657,1.8223452100097572,100.0
661.2244897959184,1.445555228030569e-07,1.305924867556866,6.013473112813619e-08,9.609475571558594e-05,0.000431776349214069,3.287610363825824e-11,0.09940009238920387,0.00011006351030797527,0.36982843405828464,3.3241366348745425,47211.28890526709,0.7388150264886268,1.3425264119047857,896839.5392351846,1.8264667498843954,100.0
734.6938775510205,1.7589973611414124e-07,1.125202697357897,6.011199777634104e-08,0.00010674921578286917,0.00047958053693922617,3.8129296605767584e-11,0.09933365853779716,9.483637321574398e-05,0.38795001017611674,3.486752456092771,48104.08464355269,0.7749594605284206,1.4914747175781184,846932.7322307797,1.8787562260025468,100.0
754.3120063354615,1.8508448301600273e-07,1.0813363472907844,6.010586014608837e-08,0.0001095936662763235,0.0004923392862241844,3.966857958873007e-11,0.0993159265820397,9.114031876118391e-05,0.3923497828660942,3.526222729524361,48300.81847144732,0.7837327305418431,1.5312402775926464,834320.45169338,1.8935204338377951,100.0
808.1632653061225,2.122445228873475e-07,0.969531532758736,6.008885184823031e-08,0.00011740056063536401,0.0005273482610283072,4.421944081300963e-11,0.09926726908732114,8.171996096755971e-05,0.4035662426840018,3.6268205045962953,48766.95470893047,0.8060936934482529,1.6403801924984105,801144.5484419673,1.9357337018219103,100.0
868.511373751352,2.463955995412921e-07,0.857938618106864,6.006948393623725e-08,0.00012614774203383727,0.0005665571379645092,4.9941816425096614e-11,0.09921276966688239,7.231745606314364e-05,0.4147657172619827,3.727223347175091,49181.64973468014,0.8284122763786271,1.7626606351554215,766332.0837955016,1.985893424907326,100.0
881.6326530612246,2.543865478784806e-07,0.8354321948104451,6.006522589439928e-08,0.00012804942839020916,0.0005750788277971426,5.128086640313009e-11,0.09920092400810052,7.042112800576079e-05,0.41702507881071865,3.7474723052508314,49259.16595804087,0.832913561037911,1.7892440018979363,759074.9722896214,1.997187451655573,100.0
955.1020408163266,3.0324938839253425e-07,0.7199096266901394,6.004104425906752e-08,0.00013869655732974846,0.0006227714300028017,5.94641438800204e-11,0.09913462327047988,6.068751949429129e-05,0.42862604949266664,3.8514036362977007,49624.69787249453,0.8560180746619721,1.9380675057701584,720366.3722219348,2.0628986409083105,100.0
1000.0,3.3686923112783187e-07,0.6573372803956024,6.002595531303666e-08,0.00014520263973760554,0.0006518978247883621,6.509233331679816e-11,0.09909412796900428,5.541534759402075e-05,0.434912970379165,3.9076943338776395,49800.070993950794,0.8685325439208796,2.02899594028117,698227.1291890701,2.1050553844576507,100.0
1028.5714285714287,3.5990166768657717e-07,0.6203855178821014,6.001621437991434e-08,0.00014934279995201306,0.0006704251307473756,6.895335587526807e-11,0.09906836684482362,5.2301894423362e-05,0.43862700752320827,3.940935172700268,49896.17175718298,0.8759228964235797,2.08685210358086,684698.7715973698,2.1326430829578684,100.0
1102.0408163265306,4.255870562052031e-07,0.5346400526446221,5.999063571723567e-08,0.00015998914630822365,0.0007180388368130578,7.994828852771715e-11,0.09900215470151588,4.507721750874327e-05,0.4472499531964708,4.018064916941398,50097.805974021656,0.8930719894710755,2.235599469746006,651785.699790171,2.2061944633333743,100.0
1175.5102040816328,5.017433425151926e-07,0.4607618510851889,5.996418176846397e-08,0.00017063673847036108,0.0007656112818841041,9.270001493587386e-11,0.09893598681096069,3.885244136299624e-05,0.4546860406212008,4.084513255852248,50247.593226622805,0.9078476297829623,2.384311873905309,621370.4925677656,2.2833266983268827,100.0
1248.979591836735,5.900519956921364e-07,0.3971053255669903,5.993671150927117e-08,0.00018128690887531402,0.0008131409825991973,1.0748821040265725e-10,0.09886986314358179,3.3488913475733825e-05,0.4610998424387722,4.141761343080763,50358.87539287646,0.920578934886602,2.5329916422206593,593222.9572866397,2.363814652802058,100.0
1322.4489795918369,6.92423661302502e-07,0.34225345235191995,5.990807596446844e-08,0.00019194116775613111,0.0008606262520913624,1.2460753846085852e-10,0.09880378366982269,2.88672394635563e-05,0.46663307297208406,4.191084607436534,50441.56205255784,0.931549309529616,2.6816416400759984,567136.4966267189,2.4474366698116454,100.0
1395.9183673469388,8.111226499350091e-07,0.29498633966013543,5.987808224862653e-08,0.00020260129978490787,0.0009080650894042537,1.444395983273828e-10,0.09873774836014673,2.4884634687963187e-05,0.4714077316829376,4.233581044022241,50503.00219132957,0.9410027320679729,2.8302641423854134,542925.4881377582,2.533975788645053,100.0
1469.387755102041,9.487529973083524e-07,0.2542532596904113,5.984650280119545e-08,0.00021326935089849899,0.000955455193054512,1.6743323299929318e-10,0.09867175718503693,2.1452567759151454e-05,0.47552890020464866,4.270196387537182,50548.65830304471,0.9491493480619176,2.978862335761843,520423.0691926547,2.6232212352025295,100.0
1542.8571428571431,1.108334556449587e-06,0.2191487591294744,5.981308862086687e-08,0.00022394768537727197,0.0010027938944526485,1.9407874168624476e-10,0.09860581011499599,1.8494747683460988e-05,0.47908713149051185,4.301745614632332,50582.59258158441,0.9561702481741051,3.1274424267646914,499479.13906799915,2.7149690579530135,100.0
1616.326530612245,1.2933783796755213e-06,0.18889350661697302,5.977754333092743e-08,0.00023463904103566047,0.001050078092604453,2.2495825122002696e-10,0.09853990712054635,1.5945510113372432e-05,0.4821603652261001,4.328930182646816,50607.81801901898,0.9622212986766054,3.276009792211228,479958.43783408153,2.8090236521849685,100.0
1689.795918367347,1.5079648895002257e-06,0.16281675048552066,5.973952675083308e-08,0.0002453465851174475,0.0010973041870800159,2.6073788363384107e-10,0.09847404817223021,1.3748339289365735e-05,0.48481568219974785,4.352353818975445,50626.56883189099,0.9674366499028959,3.424567853180406,461738.9762549292,2.9051984433338203,100.0
1763.2653061224491,1.7568268235830651e-06,0.1403402571358429,5.969864435410164e-08,0.00025607397207914174,0.0011444680076452961,3.021871255312787e-10,0.09840823324060946,1.185451472873771e-05,0.4871109105960729,4.372536977753358,50640.50847720381,0.9719319485728315,3.5731233093588948,444710.72601334786,3.0033156227349407,100.0
1836.7346938775513,2.045467720906433e-06,0.12096599806994603,5.965443293236981e-08,0.0002668254261786202,0.0011915647137175373,3.502073809648858e-10,0.09834246229626564,1.0222073763573711e-05,0.4890958573902928,4.389927922466,50650.87253481284,0.9758068003860109,3.721683692995951,428774.298888392,3.103206849950472,100.0
1910.2040816326532,2.380285709532964e-06,0.10426480622451646,5.960635503596173e-08,0.00027760582483455287,0.0012385886907910885,4.05838859255674e-10,0.09827673530979986,8.814855753530669e-06,0.4908134428026248,4.404912936117107,50658.579720764625,0.9791470387550968,3.8702593146876327,413839.8509126692,3.2047131752175946,100.0
1983.6734693877552,2.7687290265018326e-06,0.08986734780350554,5.955378735191125e-08,0.00028842080102454233,0.0012855334214734236,4.702818362073739e-10,0.09821105225183302,7.601741392833632e-06,0.49230060318007746,4.417824447275026,50664.311192265464,0.9820265304392988,4.018858521659056,399826.0444182714,3.3076855905590166,100.0
2057.1428571428573,3.2194651347532213e-06,0.07745519639591349,5.9496003518497716e-08,0.0002992768507097525,0.0013323913472078762,5.449271852900098e-10,0.09814541309300562,6.55590063274327e-06,0.4935891836459317,4.428949064057524,50668.57401988557,0.9845089607208173,4.167493533248015,386659.22618607274,3.411984198374937,100.0
2130.6122448979595,3.7425954383512156e-06,0.0667541258349576,5.943215545308299e-08,0.0003101814654605537,0.0013791536945967316,6.313878112491092e-10,0.09807981780397769,5.654227547992634e-06,0.4947066088507483,4.438533611086748,50671.744677185474,0.9866491748330084,4.316177085784517,374272.6102038518,3.5174783634562665,100.0
2204.081632653061,4.349896871384815e-06,0.0575278949272154,5.936126036030924e-08,0.00032114327513340653,0.0014258102832652312,7.315179438995355e-10,0.09801426635542898,4.876816649600781e-06,0.49567650452651557,4.446790723729621,50674.10279793983,0.988494421014557,4.46492323208108,362605.58956302854,3.6240462466256176,100.0
2277.5510204081634,5.0551242340620025e-06,0.04957277126584388,5.928216001809203e-08,0.00033217221864546495,0.0014723492892911,8.474841133140157e-10,0.09794875871805879,4.206501456904137e-06,0.49651924511588874,4.453903777116811,50675.857249811364,0.9900854457468313,4.6137514748370245,351603.13208969595,3.7315741210190976,100.0
2351.0204081632655,5.874348449652088e-06,0.04271332539430049,5.9193525943180714e-08,0.00034327972388071713,0.0015187569861310171,9.817439639993947e-10,0.09788329486258601,3.6285001285772404e-06,0.49725237434591074,4.460030671759661,50677.162783818,0.9914573349211399,4.762682249741278,341215.2037266732,3.839956179048192,100.0
2424.4897959183677,6.826337829681976e-06,0.0367984383980251,5.909378461452748e-08,0.00035447889231205316,0.0015650174616494378,1.1371761567512151e-09,0.09781787475974908,3.130079036499703e-06,0.4978910044422303,4.465307427080708,50678.13416465027,0.9926403123203951,4.91173778197801,331396.284956216,3.9490938324650298,100.0
2497.95918367347,7.93323079950288e-06,0.03169782040024764,5.898095845243125e-08,0.00036578485422786045,0.0016111121040803973,1.3173636412770533e-09,0.09775249838030604,2.7002593447968802e-06,0.4984481642172576,4.46985131512315,50678.85707223686,0.9936604359199505,5.060945269986859,322104.9481737547,4.058894819697616,100.0
2571.4285714285716,9.220826748277631e-06,0.02729920953232079,5.885322145891396e-08,0.00037721480995884355,0.0016570194362546923,1.5255068569794025e-09,0.09768716569503444,2.329581281050412e-06,0.4989350791014318,4.473763381784967,50679.39513905829,0.9945401580935359,5.210335444504568,313303.45685745106,4.169272605691522,100.0
2644.8979591836737,1.0719486829681514e-05,0.02350588938516788,5.870776074832244e-08,0.0003887884334264424,0.0017027144629256576,1.7665615078185788e-09,0.09762187667473136,2.0098943946773064e-06,0.4993614192595787,4.477130681460859,50679.7956310738,0.9952988221229664,5.3599421895292965,304957.42936916574,4.280145440148355,100.0
2718.367346938776,1.2465025403834332e-05,0.020234423701403933,5.854168422610741e-08,0.00040052819774691946,0.0017481680626828633,2.0454577310989877e-09,0.09755663129021341,1.734167142538093e-06,0.4997355259477071,4.480028316183747,50680.093798546055,0.9959531152597192,5.509807893780417,297035.5450916295,4.391435140821433,100.0
2791.8367346938776,1.4499692310780506e-05,0.01741299518930324,5.835150879491126e-08,0.00041245962753419453,0.0017933463704635588,2.3680122922328103e-09,0.0974914295123167,1.4963466663028912e-06,0.5000645773784631,4.482520931085566,50680.31579222986,0.9965174009621393,5.659976413989447,289509.26948406675,4.503066205763043,100.0
2865.3061224489797,1.6873397679686503e-05,0.014979660452913705,5.813312938556591e-08,0.0004246115962120943,0.0018382100165199651,2.740903879978522e-09,0.09742627131189682,1.2912117424400629e-06,0.500354762901536,4.484664285433807,50680.48110151656,0.9970040679094172,5.810499880278736,282352.63411070866,4.614964184284108,100.0
2938.775510204082,1.9645239369644385e-05,0.012881044798538322,5.7881715181205415e-08,0.0004370166238042821,0.0018827132138153808,3.1717538300501816e-09,0.09736115665982888,1.1142627585048603e-06,0.500611413071854,4.486506427866849,50680.60421471186,0.9974237910402923,5.961436356130971,275542.0382479866,4.727054116203284,100.0
3012.244897959184,2.2885297296754267e-05,0.011071156055294816,5.75915890420778e-08,0.00044971110922230876,0.0019268027447343068,3.66921134595619e-09,0.0972960855270074,9.616217088085944e-07,0.5008391176758521,4.488088764647143,50680.695903629705,0.997785768788941,6.112850018775656,269056.08544900286,4.839258537569661,100.0
3085.7142857142862,2.667682067759916e-05,0.00951033571467308,5.725607610571982e-08,0.0004627354742512579,0.0019704167954976244,4.243045468658348e-09,0.09723105788434638,8.299437447745642e-07,0.5010418298233443,4.489447004518237,50680.76420147478,0.9980979328570655,6.264814014254559,262875.4546136265,4.951494967203094,100.0
3159.183673469388,3.111882476847386e-05,0.008164393978165502,5.686736469735527e-08,0.00047613416394216856,0.0020134836576547873,4.904168129275628e-09,0.09716607370277928,7.163442270102467e-07,0.5012229514114518,4.490611938266154,50680.81510000857,0.9983671212043669,6.417410689650962,256982.79878109528,5.063672929891455,100.0
3232.65306122449,3.632895883582204e-05,0.007003893037578833,5.6416379837694646e-08,0.0004899553572047131,0.002055920438894374,5.664576447202152e-09,0.09710113295325895,6.183382733343925e-07,0.5013854035106339,4.491610085113513,50680.853033787105,0.9985992213924841,6.570727048728486,251362.66703906632,5.175690489177856,100.0
3306.1224489795923,4.244718841946859e-05,0.006003459454753894,5.589237373614863e-08,0.0005042504552565259,0.0020976314777254607,6.537686953525418e-09,0.09703623560675767,5.337826171165816e-07,0.5015316934035489,4.492464313359078,50680.88130792206,0.9987993081090492,6.7248573125518245,246001.47258098904,5.2874296089275274,100.0
3379.591836734694,4.9639744583212534e-05,0.005141218362379979,5.528339831942967e-08,0.0005190730439802557,0.0021385068880238776,7.53716292671786e-09,0.09697138163426713,4.6082817096363197e-07,0.5016639690715111,4.4931943517379365,50680.902394556586,0.998971756327524,6.879903104555149,240887.48009216454,5.3987507927512635,100.0
3453.061224489796,5.810140038011657e-05,0.0043983300204005395,5.45770278954448e-08,0.0005344764065808618,0.0021784226648755463,8.67538248845845e-09,0.09690657100679839,3.978813396693382e-07,0.5017840633889291,4.493817208709329,50680.9181270804,0.9991203339959199,7.035968263353927,236010.7650195225,5.5094880249773155,100.0
3526.5306122448983,6.806351010709447e-05,0.003758564058322032,5.3754811866617126e-08,0.0005505123028499014,0.002217237274080733,9.971473620198425e-09,0.09684180369537246,3.4356537322963343e-07,0.5018935328730609,4.494347559503241,50680.929868865634,0.9992482871883356,7.1931562063390135,231363.35501175004,5.619439095210109,100.0
3600.0,7.979334126283597e-05,0.003207949481619418,5.2803713080803355e-08,0.0005672258263433598,0.0022547945608795564,1.1433228096457932e-08,0.09677707967105836,2.9669659705514004e-07,0.5019936903891453,4.494798063432636,50680.93863633135,0.9993584101036761,7.351561249160834,226939.1308389583,5.7283608876097984,100.0
